,date,US Population,US Deaths,US DeathIncrease,US inICUCumulative,US inICUCurrently,US HospitalizedIncrease,US HospitalizedCurrently,US HospitalizedCumulative,US Negative,US NegativeIncrease,US OnVentilatorCumulative,US OnVentilatorCurrently,US Positive,US PositiveIncrease,US TotalTestResults,US TotalTestResultsIncrease,NC Population,NC death,NC DeathIncrease,NC HospitalizedCumulative,NC HospitalizedCurrently,NC HospitalizedIncrease,NC InIcuCumulative,NC InIcuCurrently,NC Negative,NC NegativeIncrease,NC OnVentilatorCumulative,NC OnVentilatorCurrently,NC Positive,NC PositiveIncrease,NC TotalTestResults,NC TotalTestResultsIncrease
0,2021-03-07,332031554,515151.0,842,45475.0,8134.0,726,40199.0,776361.0,74582825.0,131835,4281.0,2802.0,28756489.0,41835,363825123,1170059,10565885.0,11502.0,0.0,0.0,1179.0,0.0,0.0,309.0,0.0,0.0,0.0,0.0,872176.0,0.0,9688838.0,0.0
1,2021-03-06,332031554,514309.0,1680,45453.0,8409.0,503,41401.0,775635.0,74450990.0,143835,4280.0,2811.0,28714654.0,60015,362655064,1430992,10565885.0,11502.0,56.0,0.0,1179.0,0.0,0.0,309.0,0.0,0.0,0.0,0.0,872176.0,2027.0,9688838.0,38654.0
2,2021-03-05,332031554,512629.0,2221,45373.0,8634.0,2781,42541.0,775132.0,74307155.0,271917,4275.0,2889.0,28654639.0,68787,361224072,1744417,10565885.0,11446.0,47.0,0.0,1226.0,0.0,0.0,314.0,0.0,0.0,0.0,0.0,870149.0,2093.0,9650184.0,44487.0
3,2021-03-04,332031554,510408.0,1743,45293.0,8970.0,1530,44172.0,772351.0,74035238.0,177957,4267.0,2973.0,28585852.0,65487,359479655,1590984,10565885.0,11399.0,36.0,0.0,1290.0,0.0,0.0,326.0,0.0,0.0,0.0,0.0,868056.0,2502.0,9605697.0,44050.0
4,2021-03-03,332031554,508665.0,2449,45214.0,9359.0,2172,45462.0,770821.0,73857281.0,267001,4260.0,3094.0,28520365.0,66836,357888671,1406795,10565885.0,11363.0,75.0,0.0,1303.0,0.0,0.0,332.0,0.0,0.0,0.0,0.0,865554.0,2145.0,9561647.0,19976.0
5,2021-03-02,332031554,506216.0,1728,45084.0,9465.0,1871,46388.0,768649.0,73590280.0,255779,4257.0,3169.0,28453529.0,54248,356481876,1343519,10565885.0,11288.0,34.0,0.0,1353.0,0.0,0.0,334.0,0.0,0.0,0.0,0.0,863409.0,1239.0,9541671.0,16397.0
6,2021-03-01,332031554,504488.0,1241,44956.0,9595.0,1024,46738.0,766778.0,73334501.0,118077,4252.0,3171.0,28399281.0,48092,355138357,1154440,10565885.0,11254.0,42.0,0.0,1319.0,0.0,0.0,333.0,0.0,0.0,0.0,0.0,862170.0,3622.0,9525274.0,25289.0
7,2021-02-28,332031554,503247.0,1051,44907.0,9802.0,879,47352.0,765754.0,73216424.0,203599,4252.0,3245.0,28351189.0,54349,353983917,1408422,10565885.0,11212.0,0.0,0.0,1414.0,0.0,0.0,348.0,0.0,0.0,0.0,0.0,858548.0,0.0,9499985.0,36576.0
8,2021-02-27,332031554,502196.0,1847,44875.0,10114.0,1428,48871.0,764875.0,73012825.0,205090,4252.0,3335.0,28296840.0,71245,352575495,1655179,10565885.0,11212.0,26.0,0.0,1414.0,0.0,0.0,348.0,0.0,0.0,0.0,0.0,858548.0,2643.0,9463409.0,40943.0
9,2021-02-26,332031554,500349.0,2141,44791.0,10466.0,1868,51112.0,763447.0,72807735.0,276829,4247.0,3466.0,28225595.0,74857,350920316,1803309,10565885.0,11186.0,49.0,0.0,1465.0,0.0,0.0,367.0,0.0,0.0,0.0,0.0,855905.0,2924.0,9422466.0,60691.0
10,2021-02-25,332031554,498208.0,3138,44636.0,10846.0,2047,52669.0,761579.0,72530906.0,272209,4240.0,3567.0,28150738.0,75565,349117007,1826144,10565885.0,11137.0,63.0,0.0,1498.0,0.0,0.0,373.0,0.0,0.0,0.0,0.0,852981.0,3351.0,9361775.0,51032.0
11,2021-02-24,332031554,495070.0,2447,44534.0,11026.0,2172,54118.0,759532.0,72258697.0,245318,4227.0,3685.0,28075173.0,73258,347290863,1450666,10565885.0,11074.0,109.0,0.0,1530.0,0.0,0.0,380.0,0.0,0.0,0.0,0.0,849630.0,3346.0,9310743.0,27606.0
12,2021-02-23,332031554,492623.0,2241,44420.0,11272.0,2164,55058.0,757360.0,72013379.0,225267,4214.0,3755.0,28001915.0,69105,345840197,1193835,10565885.0,10965.0,31.0,0.0,1563.0,0.0,0.0,384.0,0.0,0.0,0.0,0.0,846284.0,1514.0,9283137.0,20738.0
13,2021-02-22,332031554,490382.0,1235,44266.0,11536.0,1305,55403.0,755196.0,71788112.0,123611,4200.0,3804.0,27932810.0,52530,344646362,1201247,10565885.0,10934.0,8.0,0.0,1567.0,0.0,0.0,383.0,0.0,0.0,0.0,0.0,844770.0,2133.0,9262399.0,35699.0
14,2021-02-21,332031554,489147.0,1287,44216.0,11862.0,997,56159.0,753891.0,71664501.0,156778,4197.0,3915.0,27880280.0,58702,343445115,1232995,10565885.0,10926.0,30.0,0.0,1647.0,0.0,0.0,402.0,0.0,0.0,0.0,0.0,842637.0,2541.0,9226700.0,34955.0
15,2021-02-20,332031554,487860.0,2160,44166.0,12120.0,1732,58222.0,752894.0,71507723.0,141790,4197.0,3932.0,27821578.0,72354,342212120,1290481,10565885.0,10896.0,76.0,0.0,1708.0,0.0,0.0,409.0,0.0,0.0,0.0,0.0,840096.0,3446.0,9191745.0,41747.0
16,2021-02-19,332031554,485700.0,2477,44085.0,12491.0,2674,59882.0,751162.0,71365933.0,224755,4187.0,4118.0,27749224.0,74676,340921639,1878033,10565885.0,10820.0,54.0,0.0,1780.0,0.0,0.0,411.0,0.0,0.0,0.0,0.0,836650.0,3227.0,9149998.0,44322.0
17,2021-02-18,332031554,483223.0,2616,43964.0,13036.0,2497,62224.0,748488.0,71141178.0,218491,4178.0,4180.0,27674548.0,66824,339043606,1345849,10565885.0,10766.0,96.0,0.0,1892.0,0.0,0.0,436.0,0.0,0.0,0.0,0.0,833423.0,3916.0,9105676.0,47256.0
18,2021-02-17,332031554,480607.0,2348,43823.0,13094.0,2857,63329.0,745991.0,70922687.0,233666,4154.0,4271.0,27607724.0,66839,337697757,1298421,10565885.0,10670.0,108.0,0.0,1954.0,0.0,0.0,446.0,0.0,0.0,0.0,0.0,829507.0,3167.0,9058420.0,22102.0
19,2021-02-16,332031554,478259.0,1353,43673.0,13607.0,2094,64457.0,743134.0,70689021.0,101102,4149.0,4415.0,27540885.0,56312,336399336,1053698,10565885.0,10562.0,61.0,0.0,1958.0,0.0,0.0,473.0,0.0,0.0,0.0,0.0,826340.0,1988.0,9036318.0,21872.0
20,2021-02-15,332031554,476906.0,1078,43553.0,13790.0,1130,65379.0,741040.0,70587919.0,143388,4143.0,4468.0,27484573.0,55077,335345638,1123560,10565885.0,10501.0,10.0,0.0,1941.0,0.0,0.0,471.0,0.0,0.0,0.0,0.0,824352.0,2458.0,9014446.0,31628.0
21,2021-02-14,332031554,475828.0,1366,43516.0,14038.0,1236,66947.0,739910.0,70444531.0,171877,4141.0,4542.0,27429496.0,72164,334222078,1439631,10565885.0,10491.0,38.0,0.0,1989.0,0.0,0.0,481.0,0.0,0.0,0.0,0.0,821894.0,3170.0,8982818.0,46585.0
22,2021-02-13,332031554,474462.0,3467,43463.0,14387.0,1805,69207.0,738674.0,70272654.0,234293,4140.0,4648.0,27357332.0,90642,332782447,1757608,10565885.0,10453.0,77.0,0.0,2101.0,0.0,0.0,496.0,0.0,0.0,0.0,0.0,818724.0,4130.0,8936233.0,46903.0
23,2021-02-12,332031554,470995.0,5427,43389.0,14766.0,2347,71471.0,736869.0,70038361.0,255983,4126.0,4849.0,27266690.0,101030,331024839,1812454,10565885.0,10376.0,82.0,0.0,2151.0,0.0,0.0,506.0,0.0,0.0,0.0,0.0,814594.0,4128.0,8889330.0,60115.0
24,2021-02-11,332031554,465568.0,3873,43291.0,15181.0,2460,74208.0,734522.0,69782378.0,260124,4113.0,4970.0,27165660.0,102417,329212385,1855929,10565885.0,10294.0,113.0,0.0,2185.0,0.0,0.0,516.0,0.0,0.0,0.0,0.0,810466.0,4568.0,8829215.0,55752.0
25,2021-02-10,332031554,461695.0,3445,43184.0,15788.0,3226,76979.0,732062.0,69522254.0,155861,4106.0,5121.0,27063243.0,95194,327356456,1382709,10565885.0,10181.0,135.0,0.0,2291.0,0.0,0.0,540.0,0.0,0.0,0.0,0.0,805898.0,3833.0,8773463.0,29670.0
26,2021-02-09,332031554,458250.0,2795,43000.0,16129.0,3144,79179.0,728836.0,69366393.0,337168,4092.0,5216.0,26968049.0,92986,325973747,1488481,10565885.0,10046.0,55.0,0.0,2374.0,0.0,0.0,558.0,0.0,0.0,0.0,0.0,802065.0,2786.0,8743793.0,24241.0
27,2021-02-08,332031554,455455.0,1309,42833.0,16174.0,1638,80055.0,725692.0,69029225.0,142156,4080.0,5260.0,26875063.0,77737,324485266,1400009,10565885.0,9991.0,8.0,0.0,2339.0,0.0,0.0,559.0,0.0,0.0,0.0,0.0,799279.0,3084.0,8719552.0,40452.0
28,2021-02-07,332031554,454146.0,1475,42779.0,16616.0,1543,81439.0,724054.0,68887069.0,208303,4079.0,5342.0,26797326.0,95994,323085257,1498808,10565885.0,9983.0,57.0,0.0,2378.0,0.0,0.0,584.0,0.0,0.0,0.0,0.0,796195.0,4674.0,8679100.0,52994.0
29,2021-02-06,332031554,452671.0,2994,42730.0,17093.0,2443,84233.0,722511.0,68678766.0,282477,4078.0,5475.0,26701332.0,114557,321586449,1888854,10565885.0,9926.0,85.0,0.0,2468.0,0.0,0.0,591.0,0.0,0.0,0.0,0.0,791521.0,4172.0,8626106.0,54563.0
30,2021-02-05,332031554,449677.0,3543,42626.0,17284.0,2940,86373.0,720068.0,68396289.0,270754,4060.0,5596.0,26586775.0,131146,319697595,1868496,10565885.0,9841.0,113.0,0.0,2523.0,0.0,0.0,599.0,0.0,0.0,0.0,0.0,787349.0,5547.0,8571543.0,60695.0
31,2021-02-04,332031554,446134.0,5212,42472.0,17918.0,3402,88668.0,717128.0,68125535.0,217496,4059.0,5732.0,26455629.0,123907,317829099,1663995,10565885.0,9728.0,150.0,0.0,2630.0,0.0,0.0,630.0,0.0,0.0,0.0,0.0,781802.0,5495.0,8510848.0,58946.0
32,2021-02-03,332031554,440922.0,3685,42323.0,18147.0,3975,91440.0,713726.0,67908039.0,224499,4044.0,5920.0,26331722.0,116960,316165104,1384881,10565885.0,9578.0,169.0,0.0,2706.0,0.0,0.0,635.0,0.0,0.0,0.0,0.0,776307.0,12079.0,8451902.0,29042.0
33,2021-02-02,332031554,437237.0,3486,42148.0,18388.0,3285,92880.0,709751.0,67683540.0,167082,4035.0,6047.0,26214762.0,117616,314780223,1385595,10565885.0,9409.0,67.0,0.0,2741.0,0.0,0.0,645.0,0.0,0.0,0.0,0.0,764228.0,2926.0,8422860.0,21451.0
34,2021-02-01,332031554,433751.0,1562,41998.0,18572.0,1766,93536.0,706466.0,67516458.0,344975,4025.0,6086.0,26097146.0,120200,313394628,1507545,10565885.0,9342.0,7.0,0.0,2781.0,0.0,0.0,636.0,0.0,0.0,0.0,0.0,761302.0,3776.0,8401409.0,45291.0
35,2021-01-31,332031554,432189.0,2059,41934.0,18968.0,2171,95013.0,704700.0,67171483.0,224593,4019.0,6291.0,25976946.0,119367,311887083,1725724,10565885.0,9335.0,48.0,0.0,2782.0,0.0,0.0,635.0,0.0,0.0,0.0,0.0,757526.0,4899.0,8356118.0,56855.0
36,2021-01-30,332031554,430130.0,2982,41872.0,19130.0,3147,97561.0,702529.0,66946890.0,232299,4016.0,6329.0,25857579.0,148824,310161359,2139579,10565885.0,9287.0,130.0,0.0,2883.0,0.0,0.0,651.0,0.0,0.0,0.0,0.0,752627.0,6168.0,8299263.0,55755.0
37,2021-01-29,332031554,427148.0,3503,41758.0,19609.0,2835,101003.0,699382.0,66714591.0,284168,4011.0,6483.0,25708755.0,167111,308021780,1955101,10565885.0,9157.0,111.0,0.0,3048.0,0.0,0.0,644.0,0.0,0.0,0.0,0.0,746459.0,6959.0,8243508.0,70192.0
38,2021-01-28,332031554,423645.0,4011,41588.0,20113.0,3500,104303.0,696547.0,66430423.0,269667,4000.0,6642.0,25541644.0,157306,306066679,1936761,10565885.0,9046.0,131.0,0.0,3238.0,0.0,0.0,660.0,0.0,0.0,0.0,0.0,739500.0,6490.0,8173316.0,62431.0
39,2021-01-27,332031554,419634.0,4077,41402.0,20497.0,4134,107444.0,693047.0,66160756.0,244553,3985.0,6806.0,25384338.0,153985,304129918,1626393,10565885.0,8915.0,139.0,0.0,3305.0,0.0,0.0,676.0,0.0,0.0,0.0,0.0,733010.0,5587.0,8110885.0,35058.0
40,2021-01-26,332031554,415557.0,3734,41205.0,20573.0,3705,108960.0,688913.0,65916203.0,377450,3976.0,6832.0,25230353.0,146448,302503525,1733799,10565885.0,8776.0,56.0,0.0,3368.0,0.0,0.0,696.0,0.0,0.0,0.0,0.0,727423.0,3978.0,8075827.0,24820.0
41,2021-01-25,332031554,411823.0,1593,41028.0,20875.0,2515,109938.0,685208.0,65538753.0,217006,3949.0,6857.0,25083905.0,133454,300769726,1630391,10565885.0,8720.0,25.0,0.0,3287.0,0.0,0.0,703.0,0.0,0.0,0.0,0.0,723445.0,4633.0,8051007.0,50620.0
42,2021-01-24,332031554,410230.0,1944,40931.0,21168.0,1909,110628.0,682693.0,65321747.0,223447,3943.0,6989.0,24950451.0,144234,299139335,1792892,10565885.0,8695.0,109.0,0.0,3303.0,0.0,0.0,713.0,0.0,0.0,0.0,0.0,718812.0,6096.0,8000387.0,55905.0
43,2021-01-23,332031554,408286.0,3591,40853.0,21657.0,6652,113609.0,680784.0,65098300.0,274547,3941.0,7110.0,24806217.0,177118,297346443,1990072,10565885.0,8586.0,122.0,0.0,3416.0,0.0,0.0,736.0,0.0,0.0,0.0,0.0,712716.0,7181.0,7944482.0,56090.0
44,2021-01-22,332031554,404695.0,3980,40687.0,22008.0,4325,116264.0,674132.0,64823753.0,284392,3919.0,7236.0,24629099.0,190915,295356371,2022028,10565885.0,8464.0,125.0,0.0,3512.0,0.0,0.0,752.0,0.0,0.0,0.0,0.0,705535.0,7436.0,7888392.0,69854.0
45,2021-01-21,332031554,400715.0,3878,40481.0,22309.0,4053,119949.0,669807.0,64539361.0,267695,3910.0,7370.0,24438184.0,186275,293334343,1933682,10565885.0,8339.0,139.0,0.0,3666.0,0.0,0.0,780.0,0.0,0.0,0.0,0.0,698099.0,7187.0,7818538.0,56443.0
46,2021-01-20,332031554,396837.0,4409,40340.0,22834.0,5105,122754.0,665754.0,64271666.0,342450,3897.0,7564.0,24251909.0,189203,291400661,1851350,10565885.0,8200.0,61.0,0.0,3740.0,0.0,0.0,803.0,0.0,0.0,0.0,0.0,690912.0,6415.0,7762095.0,37882.0
47,2021-01-19,332031554,392428.0,2141,40103.0,23054.0,3206,123910.0,660649.0,63929216.0,329847,3883.0,7688.0,24062706.0,146626,289549311,1596863,10565885.0,8139.0,56.0,0.0,3881.0,0.0,0.0,861.0,0.0,0.0,0.0,0.0,684497.0,9860.0,7724213.0,31361.0
48,2021-01-18,332031554,390287.0,1395,39973.0,23226.0,2839,123848.0,657443.0,63599369.0,192825,3865.0,7772.0,23916080.0,150792,287952448,1771268,10565885.0,8083.0,0.0,0.0,3862.0,0.0,0.0,863.0,0.0,0.0,0.0,0.0,674637.0,0.0,7692852.0,55844.0
49,2021-01-17,332031554,388892.0,2053,39864.0,23432.0,2167,124387.0,654604.0,63406544.0,277842,3860.0,7797.0,23765288.0,187218,286181180,1916756,10565885.0,8083.0,67.0,0.0,3862.0,0.0,0.0,863.0,0.0,0.0,0.0,0.0,674637.0,6811.0,7637008.0,69833.0
50,2021-01-16,332031554,386839.0,3709,39797.0,23524.0,4039,126139.0,652437.0,63128702.0,226342,3858.0,7755.0,23578070.0,218085,284264424,2116224,10565885.0,8016.0,83.0,0.0,3895.0,0.0,0.0,880.0,0.0,0.0,0.0,0.0,667826.0,7986.0,7567175.0,71081.0
51,2021-01-15,332031554,383130.0,3679,39626.0,23593.0,4000,127235.0,648398.0,62902360.0,410997,3845.0,7772.0,23359985.0,246454,282148200,2309884,10565885.0,7933.0,108.0,0.0,3916.0,0.0,0.0,861.0,0.0,0.0,0.0,0.0,659840.0,8914.0,7496094.0,69928.0
52,2021-01-14,332031554,379451.0,3915,39418.0,23891.0,3792,128947.0,644398.0,62491363.0,305894,3829.0,7878.0,23113531.0,225616,279838316,2048899,10565885.0,7825.0,80.0,0.0,3990.0,0.0,0.0,858.0,0.0,0.0,0.0,0.0,650926.0,9853.0,7426166.0,68243.0
53,2021-01-13,332031554,375536.0,4087,39248.0,23857.0,5312,130391.0,640606.0,62185469.0,237885,3811.0,7902.0,22887915.0,224491,277789417,1827396,10565885.0,7745.0,107.0,0.0,3951.0,0.0,0.0,848.0,0.0,0.0,0.0,0.0,641073.0,5098.0,7357923.0,41106.0
54,2021-01-12,332031554,371449.0,4064,39049.0,23881.0,4657,131326.0,635294.0,61947584.0,443993,3796.0,7879.0,22663424.0,218020,275962021,1944234,10565885.0,7638.0,60.0,0.0,3940.0,0.0,0.0,839.0,0.0,0.0,0.0,0.0,635975.0,6851.0,7316817.0,30153.0
55,2021-01-11,332031554,367385.0,1733,38823.0,23501.0,3045,129793.0,630637.0,61503591.0,210610,3773.0,7786.0,22445404.0,195255,274017787,1695767,10565885.0,7578.0,11.0,0.0,3843.0,0.0,0.0,811.0,0.0,0.0,0.0,0.0,629124.0,5936.0,7286664.0,59826.0
56,2021-01-10,332031554,365652.0,2068,38706.0,23640.0,2413,129223.0,627592.0,61292981.0,270382,3771.0,7878.0,22250149.0,228732,272322020,2051661,10565885.0,7567.0,142.0,0.0,3774.0,0.0,0.0,790.0,0.0,0.0,0.0,0.0,623188.0,8833.0,7226838.0,67844.0
57,2021-01-09,332031554,363584.0,3537,38607.0,23718.0,6683,130781.0,625179.0,61022599.0,290183,3767.0,7791.0,22021417.0,269368,270270359,2137700,10565885.0,7425.0,97.0,0.0,3871.0,0.0,0.0,834.0,0.0,0.0,0.0,0.0,614355.0,11581.0,7158994.0,65774.0
58,2021-01-08,332031554,360047.0,3780,38432.0,23912.0,4705,131921.0,618496.0,60732416.0,320284,3756.0,7908.0,21752049.0,295121,268132659,2146223,10565885.0,7328.0,115.0,0.0,3960.0,0.0,0.0,833.0,0.0,0.0,0.0,0.0,602774.0,10028.0,7093220.0,73607.0
59,2021-01-07,332031554,356267.0,4079,38236.0,23821.0,5312,132370.0,613791.0,60412132.0,246578,3748.0,7900.0,21456928.0,272043,265986436,1928262,10565885.0,7213.0,137.0,0.0,3960.0,0.0,0.0,826.0,0.0,0.0,0.0,0.0,592746.0,10398.0,7019613.0,64054.0
60,2021-01-06,332031554,352188.0,3902,38064.0,23708.0,6607,132474.0,608479.0,60165554.0,263088,3739.0,7946.0,21184885.0,250184,264058174,1650493,10565885.0,7076.0,80.0,0.0,3893.0,0.0,0.0,823.0,0.0,0.0,0.0,0.0,582348.0,6952.0,6955559.0,40448.0
61,2021-01-05,332031554,348286.0,3484,37841.0,23509.0,4290,131195.0,601872.0,59902466.0,480256,3718.0,7976.0,20934701.0,219075,262407681,1721007,10565885.0,6996.0,55.0,0.0,3781.0,0.0,0.0,813.0,0.0,0.0,0.0,0.0,575396.0,5285.0,6915111.0,24539.0
62,2021-01-04,332031554,344802.0,1547,37586.0,23435.0,3892,128210.0,597582.0,59422210.0,148614,3692.0,7930.0,20715626.0,179571,260686674,1512611,10565885.0,6941.0,31.0,0.0,3635.0,0.0,0.0,783.0,0.0,0.0,0.0,0.0,570111.0,5187.0,6890572.0,37920.0
63,2021-01-03,332031554,343255.0,1455,37433.0,23243.0,2226,125562.0,593690.0,59273596.0,215583,3688.0,7939.0,20536055.0,208457,259174063,1444257,10565885.0,6910.0,18.0,0.0,3576.0,0.0,0.0,776.0,0.0,0.0,0.0,0.0,564924.0,6487.0,6852652.0,45161.0
64,2021-01-02,332031554,341800.0,2406,37309.0,23133.0,3051,123614.0,591464.0,59058013.0,221792,3684.0,7910.0,20327598.0,280318,257729806,1934350,10565885.0,6892.0,144.0,0.0,3479.0,0.0,0.0,783.0,0.0,0.0,0.0,0.0,558437.0,18892.0,6807491.0,66243.0
65,2021-01-01,332031554,339394.0,2592,37196.0,23255.0,4550,125047.0,588413.0,58836221.0,192048,3681.0,7990.0,20047280.0,182906,255795456,1545537,10565885.0,6748.0,0.0,0.0,3472.0,0.0,0.0,774.0,0.0,0.0,0.0,0.0,539545.0,0.0,6741248.0,72923.0
66,2020-12-31,331511512,336802.0,3297,37066.0,23097.0,4348,125423.0,583863.0,58644173.0,262855,3672.0,8004.0,19864374.0,226246,254249919,1797220,10449445.0,6748.0,19.0,0.0,3472.0,0.0,0.0,774.0,0.0,0.0,0.0,0.0,539545.0,6715.0,6668325.0,59022.0
67,2020-12-30,331511512,333505.0,3900,36855.0,23069.0,5514,125220.0,579515.0,58381318.0,215107,3653.0,7930.0,19638128.0,229496,252452699,1583713,10449445.0,6729.0,155.0,0.0,3339.0,0.0,0.0,768.0,0.0,0.0,0.0,0.0,532830.0,8551.0,6609303.0,30528.0
68,2020-12-29,331511512,329605.0,3289,36583.0,22838.0,5261,124686.0,574001.0,58166211.0,201698,3635.0,7885.0,19408632.0,199679,250868986,1343514,10449445.0,6574.0,13.0,0.0,3377.0,0.0,0.0,761.0,0.0,0.0,0.0,0.0,524279.0,3563.0,6578775.0,19697.0
69,2020-12-28,331511512,326316.0,1490,36308.0,22579.0,3723,121202.0,568740.0,57964513.0,309721,3612.0,7948.0,19208953.0,164127,249525472,1332122,10449445.0,6561.0,12.0,0.0,3192.0,0.0,0.0,733.0,0.0,0.0,0.0,0.0,520716.0,3888.0,6559078.0,17302.0
70,2020-12-27,331511512,324826.0,1397,36164.0,22447.0,2302,118720.0,565017.0,57654792.0,204288,3604.0,7878.0,19044826.0,153540,248193350,1395240,10449445.0,6549.0,23.0,0.0,3123.0,0.0,0.0,721.0,0.0,0.0,0.0,0.0,516828.0,2898.0,6541776.0,35786.0
71,2020-12-26,331511512,323429.0,1426,36038.0,22373.0,2292,117344.0,562715.0,57450504.0,214555,3593.0,7809.0,18891286.0,190594,246798110,1974298,10449445.0,6526.0,166.0,0.0,3023.0,0.0,0.0,714.0,0.0,0.0,0.0,0.0,513930.0,19419.0,6505990.0,53246.0
72,2020-12-25,331511512,322003.0,1553,35945.0,22418.0,2047,118948.0,560423.0,57235949.0,170690,3592.0,7831.0,18700692.0,126796,244823812,1568040,10449445.0,6360.0,0.0,0.0,3043.0,0.0,0.0,696.0,0.0,0.0,0.0,0.0,494511.0,0.0,6452744.0,76094.0
73,2020-12-24,331511512,320450.0,2958,35899.0,22623.0,4289,120200.0,558376.0,57065259.0,322117,3587.0,7792.0,18573896.0,206684,243255772,2031894,10449445.0,6360.0,0.0,0.0,3043.0,0.0,0.0,696.0,0.0,0.0,0.0,0.0,494511.0,0.0,6376650.0,57913.0
74,2020-12-23,331511512,317492.0,3393,35695.0,22489.0,4795,119463.0,554087.0,56743142.0,304962,3579.0,7819.0,18367212.0,224526,241223878,1791481,10449445.0,6360.0,69.0,0.0,3043.0,0.0,0.0,696.0,0.0,0.0,0.0,0.0,494511.0,5609.0,6318737.0,44277.0
75,2020-12-22,331511512,314099.0,3137,35428.0,22213.0,4567,117777.0,549292.0,56438180.0,268046,3554.0,7830.0,18142686.0,193008,239432397,1770133,10449445.0,6291.0,51.0,0.0,3001.0,0.0,0.0,686.0,0.0,0.0,0.0,0.0,488902.0,5255.0,6274460.0,35857.0
76,2020-12-21,331511512,310962.0,1480,35178.0,21884.0,3111,115358.0,544725.0,56170134.0,439796,3539.0,7783.0,17949678.0,179406,237662264,1974590,10449445.0,6240.0,16.0,0.0,2817.0,0.0,0.0,659.0,0.0,0.0,0.0,0.0,483647.0,4479.0,6238603.0,52375.0
77,2020-12-20,331511512,309482.0,1668,35030.0,21763.0,2382,113601.0,541614.0,55730338.0,249266,3530.0,7695.0,17770272.0,197494,235687674,1821629,10449445.0,6224.0,40.0,0.0,2748.0,0.0,0.0,629.0,0.0,0.0,0.0,0.0,479168.0,6900.0,6186228.0,61346.0
78,2020-12-19,331511512,307814.0,2708,34949.0,21692.0,3429,113914.0,539232.0,55481072.0,200763,3529.0,7786.0,17572778.0,204873,233866045,1859539,10449445.0,6184.0,59.0,0.0,2846.0,0.0,0.0,634.0,0.0,0.0,0.0,0.0,472268.0,6164.0,6124882.0,69893.0
79,2020-12-18,331511512,305106.0,2866,34716.0,21745.0,5214,113955.0,535803.0,55280309.0,450795,3519.0,7786.0,17367905.0,241786,232006506,2193466,10449445.0,6125.0,60.0,0.0,2824.0,0.0,0.0,619.0,0.0,0.0,0.0,0.0,466104.0,8444.0,6054989.0,69030.0
80,2020-12-17,331511512,302240.0,3465,34485.0,21912.0,5167,114492.0,530589.0,54829514.0,246432,3504.0,7848.0,17126119.0,242970,229813040,1912697,10449445.0,6065.0,86.0,0.0,2804.0,0.0,0.0,620.0,0.0,0.0,0.0,0.0,457660.0,5786.0,5985959.0,53560.0
81,2020-12-16,331511512,298775.0,3453,34237.0,21943.0,4776,113257.0,525422.0,54583082.0,303846,3488.0,7782.0,16883149.0,234288,227900343,1839996,10449445.0,5979.0,98.0,0.0,2811.0,0.0,0.0,646.0,0.0,0.0,0.0,0.0,451874.0,5273.0,5932399.0,33769.0
82,2020-12-15,331511512,295322.0,2924,33958.0,21897.0,4430,112816.0,520646.0,54279236.0,316712,3460.0,7702.0,16648861.0,193218,226060347,1833138,10449445.0,5881.0,26.0,0.0,2735.0,0.0,0.0,643.0,0.0,0.0,0.0,0.0,446601.0,5236.0,5898630.0,36132.0
83,2020-12-14,331511512,292398.0,1357,33693.0,21458.0,3461,110573.0,516216.0,53962524.0,456078,3442.0,7699.0,16455643.0,193286,224227209,2010951,10449445.0,5855.0,32.0,0.0,2553.0,0.0,0.0,613.0,0.0,0.0,0.0,0.0,441365.0,4770.0,5862498.0,44465.0
84,2020-12-13,331511512,291041.0,1501,33494.0,21230.0,2314,109298.0,512755.0,53506446.0,299810,3432.0,7535.0,16262357.0,187251,222216258,1827310,10449445.0,5823.0,27.0,0.0,2520.0,0.0,0.0,606.0,0.0,0.0,0.0,0.0,436595.0,6819.0,5818033.0,54838.0
85,2020-12-12,331511512,289540.0,2497,33419.0,21198.0,3789,108461.0,510441.0,53206636.0,226203,3430.0,7515.0,16075106.0,226904,220388948,1919896,10449445.0,5796.0,44.0,0.0,2577.0,0.0,0.0,610.0,0.0,0.0,0.0,0.0,429776.0,6153.0,5763195.0,59779.0
86,2020-12-11,331511512,287043.0,2747,33237.0,21012.0,5411,108101.0,506652.0,52980433.0,350441,3424.0,7488.0,15848202.0,236933,218469052,1969509,10449445.0,5752.0,38.0,0.0,2514.0,0.0,0.0,583.0,0.0,0.0,0.0,0.0,423623.0,7540.0,5703416.0,63501.0
87,2020-12-10,331511512,284296.0,3132,32919.0,21024.0,4450,107300.0,501241.0,52629992.0,311589,3394.0,7444.0,15611269.0,220846,216499543,1967578,10449445.0,5714.0,53.0,0.0,2444.0,0.0,0.0,573.0,0.0,0.0,0.0,0.0,416083.0,5556.0,5639915.0,52359.0
88,2020-12-09,331511512,281164.0,3169,32720.0,20903.0,5300,106671.0,496791.0,52318403.0,378319,3376.0,7621.0,15390423.0,216728,214531965,1832545,10449445.0,5661.0,56.0,0.0,2440.0,0.0,0.0,577.0,0.0,0.0,0.0,0.0,410527.0,6495.0,5587556.0,40561.0
89,2020-12-08,331511512,277995.0,2680,32406.0,20475.0,4410,104637.0,491491.0,51940084.0,292335,3359.0,7251.0,15173695.0,217844,212699420,1690914,10449445.0,5605.0,45.0,0.0,2373.0,0.0,0.0,573.0,0.0,0.0,0.0,0.0,404032.0,4670.0,5546995.0,38124.0
90,2020-12-07,331511512,275315.0,1291,32120.0,20097.0,3461,102122.0,487081.0,51647749.0,268980,3328.0,7067.0,14955851.0,181897,211008506,1653269,10449445.0,5560.0,17.0,0.0,2240.0,0.0,0.0,528.0,0.0,0.0,0.0,0.0,399362.0,4372.0,5508871.0,49184.0
91,2020-12-06,331511512,274024.0,1163,31946.0,20145.0,2311,101501.0,483620.0,51378769.0,299693,3322.0,7095.0,14773954.0,182580,209355237,1675779,10449445.0,5543.0,27.0,0.0,2191.0,0.0,0.0,515.0,0.0,0.0,0.0,0.0,394990.0,6438.0,5459687.0,51078.0
92,2020-12-05,331511512,272861.0,2486,31831.0,19947.0,3513,101192.0,481309.0,51079076.0,356781,3321.0,7006.0,14591374.0,219070,207679458,2302086,10449445.0,5516.0,49.0,0.0,2171.0,0.0,0.0,508.0,0.0,0.0,0.0,0.0,388552.0,6018.0,5408609.0,56481.0
93,2020-12-04,331511512,270375.0,2563,31608.0,19853.0,4654,101309.0,477796.0,50722295.0,310521,3305.0,7018.0,14372304.0,230313,205377372,1918739,10449445.0,5467.0,57.0,0.0,2157.0,0.0,0.0,505.0,0.0,0.0,0.0,0.0,382534.0,5303.0,5352128.0,52700.0
94,2020-12-03,331511512,267812.0,2822,31276.0,19714.0,5369,100746.0,473142.0,50411774.0,306223,3280.0,6875.0,14141991.0,216271,203458633,1904020,10449445.0,5410.0,44.0,0.0,2101.0,0.0,0.0,500.0,0.0,0.0,0.0,0.0,377231.0,5637.0,5299428.0,47036.0
95,2020-12-02,331511512,264990.0,2811,31038.0,19687.0,5238,100327.0,467773.0,50105551.0,-658774,3252.0,6855.0,13925720.0,203429,201554613,1587969,10449445.0,5366.0,82.0,0.0,2039.0,0.0,0.0,508.0,0.0,0.0,0.0,0.0,371594.0,4199.0,5252392.0,26100.0
96,2020-12-01,331511512,262179.0,2489,30749.0,19302.0,4916,98814.0,462535.0,50764325.0,263699,3223.0,6651.0,13722291.0,181183,199966644,1494046,10449445.0,5284.0,23.0,0.0,2033.0,0.0,0.0,485.0,0.0,0.0,0.0,0.0,367395.0,2883.0,5226292.0,22913.0
97,2020-11-30,331511512,259690.0,1037,30469.0,18807.0,3394,96134.0,457619.0,50500626.0,344231,3205.0,6520.0,13541108.0,150031,198472598,1520240,10449445.0,5261.0,21.0,0.0,1966.0,0.0,0.0,457.0,0.0,0.0,0.0,0.0,364512.0,2734.0,5203379.0,34354.0
98,2020-11-29,331511512,258653.0,825,30274.0,18437.0,2429,93357.0,454225.0,50156395.0,226788,3184.0,6245.0,13391077.0,137254,196952358,1337135,10449445.0,5240.0,21.0,0.0,1885.0,0.0,0.0,454.0,0.0,0.0,0.0,0.0,361778.0,3820.0,5169025.0,39162.0
99,2020-11-28,331511512,257828.0,1243,30109.0,18249.0,3485,91762.0,451796.0,49929607.0,324413,3179.0,6148.0,13253823.0,151469,195615223,1675224,10449445.0,5219.0,9.0,0.0,1840.0,0.0,0.0,450.0,0.0,0.0,0.0,0.0,357958.0,3444.0,5129863.0,40408.0
100,2020-11-27,331511512,256585.0,1404,29858.0,18056.0,3418,89913.0,448311.0,49605194.0,384580,3171.0,6028.0,13102354.0,198874,193939999,1970528,10449445.0,5210.0,72.0,0.0,1780.0,0.0,0.0,437.0,0.0,0.0,0.0,0.0,354514.0,8008.0,5089455.0,61469.0
101,2020-11-26,331511512,255181.0,1392,29673.0,18019.0,2333,90564.0,444893.0,49220614.0,179941,3153.0,5986.0,12903480.0,129764,191969471,1467611,10449445.0,5138.0,0.0,0.0,1811.0,0.0,0.0,431.0,0.0,0.0,0.0,0.0,346506.0,0.0,5027986.0,45366.0
102,2020-11-25,331511512,253789.0,2281,29540.0,17738.0,4538,90043.0,442560.0,49040673.0,394165,3147.0,5987.0,12773716.0,188496,190501860,1881059,10449445.0,5138.0,64.0,0.0,1811.0,0.0,0.0,431.0,0.0,0.0,0.0,0.0,346506.0,4212.0,4982620.0,46312.0
103,2020-11-24,331511512,251508.0,2091,29245.0,17317.0,4685,88132.0,438022.0,48646508.0,360586,3123.0,5626.0,12585220.0,166503,188620801,1873837,10449445.0,5074.0,35.0,0.0,1724.0,0.0,0.0,412.0,0.0,0.0,0.0,0.0,342294.0,3100.0,4936308.0,40091.0
104,2020-11-23,331511512,249417.0,853,28990.0,17060.0,2835,85945.0,433337.0,48285922.0,331207,3106.0,5455.0,12418717.0,154696,186746964,1671011,10449445.0,5039.0,5.0,0.0,1601.0,0.0,0.0,397.0,0.0,0.0,0.0,0.0,339194.0,2419.0,4896217.0,42082.0
105,2020-11-22,331511512,248564.0,923,28828.0,16411.0,2291,83882.0,430502.0,47954715.0,373855,3094.0,5233.0,12264021.0,154188,185075953,1818793,10449445.0,5034.0,29.0,0.0,1571.0,0.0,0.0,404.0,0.0,0.0,0.0,0.0,336775.0,4514.0,4854135.0,50519.0
106,2020-11-21,331511512,247641.0,1551,28693.0,16264.0,3375,83346.0,428211.0,47580860.0,376533,3087.0,5103.0,12109833.0,186385,183257160,2140465,10449445.0,5005.0,26.0,0.0,1590.0,0.0,0.0,409.0,0.0,0.0,0.0,0.0,332261.0,3415.0,4803616.0,53339.0
107,2020-11-20,331511512,246090.0,1910,28472.0,16146.0,3903,82318.0,424836.0,47204327.0,448167,3078.0,5058.0,11923448.0,197164,181116695,2004886,10449445.0,4979.0,43.0,0.0,1571.0,0.0,0.0,415.0,0.0,0.0,0.0,0.0,328846.0,3688.0,4750277.0,49935.0
108,2020-11-19,331511512,244180.0,2010,28216.0,15759.0,4456,80669.0,420933.0,46756160.0,324389,3052.0,4860.0,11726284.0,187932,179111809,1845354,10449445.0,4936.0,38.0,0.0,1538.0,0.0,0.0,395.0,0.0,0.0,0.0,0.0,325158.0,4296.0,4700342.0,45852.0
109,2020-11-18,331511512,242170.0,1885,27989.0,15557.0,4352,79478.0,416477.0,46431771.0,346915,3024.0,4699.0,11538352.0,168220,177266455,1701006,10449445.0,4898.0,46.0,0.0,1537.0,0.0,0.0,386.0,0.0,0.0,0.0,0.0,320862.0,3367.0,4654490.0,30852.0
110,2020-11-17,331511512,240285.0,1553,27681.0,15009.0,3887,77047.0,412125.0,46084856.0,300498,3004.0,4379.0,11370132.0,159826,175565449,1634272,10449445.0,4852.0,38.0,0.0,1501.0,0.0,0.0,370.0,0.0,0.0,0.0,0.0,317495.0,3288.0,4623638.0,28714.0
111,2020-11-16,331511512,238732.0,607,27437.0,14471.0,2907,73320.0,408238.0,45784358.0,249458,2988.0,4156.0,11210306.0,149977,173931177,1484630,10449445.0,4814.0,8.0,0.0,1424.0,0.0,0.0,360.0,0.0,0.0,0.0,0.0,314207.0,1972.0,4594924.0,34737.0
112,2020-11-15,331511512,238125.0,712,27269.0,13849.0,1868,70202.0,405331.0,45534900.0,400351,2975.0,3939.0,11060329.0,147062,172446547,1626437,10449445.0,4806.0,50.0,0.0,1395.0,0.0,0.0,352.0,0.0,0.0,0.0,0.0,312235.0,3117.0,4560187.0,38470.0
113,2020-11-14,331511512,237413.0,1353,27172.0,13491.0,3468,69588.0,403463.0,45134549.0,300446,2972.0,3945.0,10913267.0,167726,170820110,1785889,10449445.0,4756.0,36.0,0.0,1425.0,0.0,0.0,347.0,0.0,0.0,0.0,0.0,309118.0,3885.0,4521717.0,44616.0
114,2020-11-13,331511512,236060.0,1301,26997.0,13280.0,3673,68585.0,399995.0,44834103.0,331974,2967.0,3766.0,10745541.0,174633,169034221,1742559,10449445.0,4720.0,14.0,0.0,1423.0,0.0,0.0,352.0,0.0,0.0,0.0,0.0,305233.0,1779.0,4477101.0,43421.0
115,2020-11-12,331511512,234759.0,1112,26803.0,12917.0,3562,67236.0,396322.0,44502129.0,271550,2954.0,3622.0,10570908.0,157542,167291662,1607551,10449445.0,4706.0,8.0,0.0,1279.0,0.0,0.0,325.0,0.0,0.0,0.0,0.0,303454.0,2893.0,4433680.0,37868.0
116,2020-11-11,331511512,233647.0,1577,26584.0,12626.0,3281,65549.0,392760.0,44230579.0,283243,2947.0,3365.0,10413366.0,149333,165684111,1503560,10449445.0,4698.0,38.0,0.0,1246.0,0.0,0.0,301.0,0.0,0.0,0.0,0.0,300561.0,3119.0,4395812.0,25979.0
117,2020-11-10,331511512,232070.0,1358,26335.0,12057.0,4070,62119.0,389479.0,43947336.0,203377,2922.0,3202.0,10264033.0,135569,164180551,1386936,10449445.0,4660.0,45.0,0.0,1230.0,0.0,0.0,325.0,0.0,0.0,0.0,0.0,297442.0,2582.0,4369833.0,25730.0
118,2020-11-09,331511512,230712.0,577,26087.0,11636.0,2176,59342.0,385409.0,43743959.0,283666,2907.0,3111.0,10128464.0,118403,162793615,1314380,10449445.0,4615.0,8.0,0.0,1169.0,0.0,0.0,323.0,0.0,0.0,0.0,0.0,294860.0,1521.0,4344103.0,33738.0
119,2020-11-08,331511512,230135.0,513,25819.0,11223.0,1467,56942.0,383233.0,43460293.0,239635,2900.0,2977.0,10010061.0,112445,161479235,1266058,10449445.0,4607.0,2.0,0.0,1147.0,0.0,0.0,311.0,0.0,0.0,0.0,0.0,293339.0,2094.0,4310365.0,38228.0
120,2020-11-07,331511512,229622.0,1125,25721.0,11215.0,2341,56037.0,381766.0,43220658.0,357869,2898.0,2947.0,9897616.0,132113,160213177,1546164,10449445.0,4605.0,23.0,0.0,1196.0,0.0,0.0,327.0,0.0,0.0,0.0,0.0,291245.0,2676.0,4272137.0,41946.0
121,2020-11-06,331511512,228497.0,1185,25498.0,11213.0,3121,55005.0,379425.0,42862789.0,314445,2885.0,2850.0,9765503.0,129990,158667013,1772955,10449445.0,4582.0,34.0,0.0,1161.0,0.0,0.0,311.0,0.0,0.0,0.0,0.0,288569.0,2908.0,4230191.0,45241.0
122,2020-11-05,331511512,227312.0,1154,25276.0,11050.0,2553,53380.0,376304.0,42548344.0,302427,2872.0,2876.0,9635513.0,119023,156894058,1561062,10449445.0,4548.0,41.0,0.0,1193.0,0.0,0.0,323.0,0.0,0.0,0.0,0.0,285661.0,2859.0,4184950.0,40636.0
123,2020-11-04,331511512,226158.0,1131,25041.0,10892.0,3107,52166.0,373751.0,42245917.0,202598,2853.0,2832.0,9516490.0,105996,155332996,1318451,10449445.0,4507.0,50.0,0.0,1186.0,0.0,0.0,327.0,0.0,0.0,0.0,0.0,282802.0,2425.0,4144314.0,22501.0
124,2020-11-03,331511512,225027.0,1517,24796.0,10538.0,3135,50509.0,370644.0,42043319.0,255848,2833.0,2734.0,9410494.0,119949,154014545,1269152,10449445.0,4457.0,67.0,0.0,1175.0,0.0,0.0,331.0,0.0,0.0,0.0,0.0,280377.0,2349.0,4121813.0,26141.0
125,2020-11-02,331511512,223510.0,475,24560.0,9957.0,1399,48750.0,367509.0,41787471.0,283444,2809.0,2633.0,9290545.0,83454,152745393,1238898,10449445.0,4390.0,7.0,0.0,1146.0,0.0,0.0,344.0,0.0,0.0,0.0,0.0,278028.0,1336.0,4095672.0,32749.0
126,2020-11-01,331511512,223035.0,410,24457.0,9665.0,1166,47615.0,366110.0,41504027.0,228603,2797.0,2553.0,9207091.0,141974,151506495,1160138,10449445.0,4383.0,5.0,0.0,1122.0,0.0,0.0,328.0,0.0,0.0,0.0,0.0,276692.0,2057.0,4062923.0,37191.0
127,2020-10-31,331511512,222625.0,958,24375.0,9613.0,2116,47486.0,364944.0,41275424.0,325765,2786.0,2502.0,9065117.0,91293,150346357,1473444,10449445.0,4378.0,46.0,0.0,1184.0,0.0,0.0,345.0,0.0,0.0,0.0,0.0,274635.0,2805.0,4025732.0,42087.0
128,2020-10-30,331511512,221667.0,947,24230.0,9550.0,2403,46880.0,362828.0,40949659.0,206695,2776.0,2477.0,8973824.0,97942,148872913,1423126,10449445.0,4332.0,49.0,0.0,1196.0,0.0,0.0,343.0,0.0,0.0,0.0,0.0,271830.0,2809.0,3983645.0,43059.0
129,2020-10-29,331511512,220720.0,1060,24082.0,9320.0,2321,46191.0,360425.0,40742964.0,317094,2760.0,2399.0,8875882.0,89365,147449787,1453174,10449445.0,4283.0,38.0,0.0,1181.0,0.0,0.0,340.0,0.0,0.0,0.0,0.0,269021.0,2885.0,3940586.0,36669.0
130,2020-10-28,331511512,219660.0,1047,23883.0,9133.0,2461,45214.0,358104.0,40425870.0,265933,2744.0,2354.0,8786517.0,79700,145996613,1150428,10449445.0,4245.0,34.0,0.0,1193.0,0.0,0.0,329.0,0.0,0.0,0.0,0.0,266136.0,2253.0,3903917.0,21589.0
131,2020-10-27,331511512,218613.0,922,23701.0,8985.0,2290,44391.0,355643.0,40159937.0,220640,2719.0,2283.0,8706817.0,72255,144846185,1150455,10449445.0,4211.0,41.0,0.0,1214.0,0.0,0.0,329.0,0.0,0.0,0.0,0.0,263883.0,2141.0,3882328.0,25050.0
132,2020-10-26,331511512,217691.0,397,23542.0,8946.0,1697,42988.0,353353.0,39939297.0,268034,2703.0,2300.0,8634562.0,63430,143695730,1131572,10449445.0,4170.0,13.0,0.0,1193.0,0.0,0.0,332.0,0.0,0.0,0.0,0.0,261742.0,1643.0,3857278.0,30029.0
133,2020-10-25,331511512,217294.0,391,23420.0,8590.0,1076,41883.0,351656.0,39671263.0,268680,2693.0,2176.0,8571132.0,64471,142564158,1222362,10449445.0,4157.0,13.0,0.0,1148.0,0.0,0.0,321.0,0.0,0.0,0.0,0.0,260099.0,1807.0,3827249.0,36632.0
134,2020-10-24,331511512,216903.0,896,23356.0,8675.0,1822,42087.0,350580.0,39402583.0,259771,2691.0,2230.0,8506661.0,83792,141341796,1370239,10449445.0,4144.0,30.0,0.0,1182.0,0.0,0.0,338.0,0.0,0.0,0.0,0.0,258292.0,2584.0,3790617.0,38722.0
135,2020-10-23,331511512,216007.0,949,23221.0,8342.0,2801,41614.0,348758.0,39142812.0,304853,2679.0,2180.0,8422869.0,82575,139971557,1444382,10449445.0,4114.0,32.0,0.0,1181.0,0.0,0.0,325.0,0.0,0.0,0.0,0.0,255708.0,2716.0,3751895.0,44981.0
136,2020-10-22,331511512,215058.0,1094,23018.0,8180.0,2229,41114.0,345957.0,38837959.0,301777,2641.0,2147.0,8340294.0,72273,138527175,1305768,10449445.0,4082.0,50.0,0.0,1205.0,0.0,0.0,333.0,0.0,0.0,0.0,0.0,252992.0,2400.0,3706914.0,34738.0
137,2020-10-21,331511512,213964.0,1051,22855.0,8291.0,2399,40397.0,343728.0,38536182.0,201552,2622.0,2083.0,8268021.0,62856,137221407,1055928,10449445.0,4032.0,40.0,0.0,1219.0,0.0,0.0,337.0,0.0,0.0,0.0,0.0,250592.0,1842.0,3672176.0,16603.0
138,2020-10-20,331511512,212913.0,833,22662.0,8206.0,2309,39391.0,341329.0,38334630.0,201519,2593.0,2042.0,8205165.0,60574,136165479,1034354,10449445.0,3992.0,53.0,0.0,1203.0,0.0,0.0,326.0,0.0,0.0,0.0,0.0,248750.0,1578.0,3655573.0,23119.0
139,2020-10-19,331511512,212080.0,443,22475.0,8063.0,1605,37976.0,339020.0,38133111.0,347469,2577.0,1804.0,8144591.0,57650,135131125,1100768,10449445.0,3939.0,5.0,0.0,1142.0,0.0,0.0,311.0,0.0,0.0,0.0,0.0,247172.0,1144.0,3632454.0,32583.0
140,2020-10-18,331511512,211637.0,405,22391.0,7383.0,813,36536.0,337415.0,37785642.0,193978,2557.0,1762.0,8086941.0,47957,134030357,1074271,10449445.0,3934.0,5.0,0.0,1129.0,0.0,0.0,310.0,0.0,0.0,0.0,0.0,246028.0,2303.0,3599871.0,33614.0
141,2020-10-17,331511512,211232.0,780,22320.0,7466.0,1546,37474.0,336602.0,37591664.0,260557,2553.0,1791.0,8038984.0,57675,132956086,1329098,10449445.0,3929.0,19.0,0.0,1140.0,0.0,0.0,316.0,0.0,0.0,0.0,0.0,243725.0,2102.0,3566257.0,40063.0
142,2020-10-16,331511512,210452.0,891,22202.0,7333.0,1866,37479.0,335056.0,37331107.0,272444,2547.0,1740.0,7981309.0,68505,131626988,1247307,10449445.0,3910.0,36.0,0.0,1148.0,0.0,0.0,299.0,0.0,0.0,0.0,0.0,241623.0,2684.0,3526194.0,41168.0
143,2020-10-15,331511512,209561.0,928,22051.0,7303.0,2010,37423.0,333190.0,37058663.0,263255,2531.0,1773.0,7912804.0,63641,130379681,1182695,10449445.0,3874.0,18.0,0.0,1140.0,0.0,0.0,296.0,0.0,0.0,0.0,0.0,238939.0,2532.0,3485026.0,32849.0
144,2020-10-14,331511512,208633.0,801,21889.0,7236.0,2437,37184.0,331180.0,36795408.0,144110,2516.0,1775.0,7849163.0,57240,129196986,1114421,10449445.0,3856.0,40.0,0.0,1152.0,0.0,0.0,300.0,0.0,0.0,0.0,0.0,236407.0,1926.0,3452177.0,20537.0
145,2020-10-13,331511512,207832.0,718,21735.0,7104.0,2058,36171.0,328743.0,36651298.0,210401,2485.0,1757.0,7791923.0,46914,128082565,1085144,10449445.0,3816.0,43.0,0.0,1103.0,0.0,0.0,306.0,0.0,0.0,0.0,0.0,234481.0,1734.0,3431640.0,21359.0
146,2020-10-12,331511512,207114.0,284,21629.0,6860.0,1104,35143.0,326685.0,36440897.0,213302,2464.0,1663.0,7745009.0,43248,126997421,950483,10449445.0,3773.0,3.0,0.0,1109.0,0.0,0.0,314.0,0.0,0.0,0.0,0.0,232747.0,1276.0,3410281.0,32240.0
147,2020-10-11,331511512,206830.0,472,21553.0,6749.0,983,34610.0,325581.0,36227595.0,220736,2454.0,1646.0,7701761.0,46723,126046938,1106595,10449445.0,3770.0,5.0,0.0,1046.0,0.0,0.0,288.0,0.0,0.0,0.0,0.0,231471.0,1719.0,3378041.0,36220.0
148,2020-10-10,331511512,206358.0,690,21512.0,6752.0,1485,34700.0,324598.0,36006859.0,296196,2451.0,1667.0,7655038.0,57543,124940343,1299743,10449445.0,3765.0,18.0,0.0,1034.0,0.0,0.0,281.0,0.0,0.0,0.0,0.0,229752.0,2321.0,3341821.0,41183.0
149,2020-10-09,331511512,205668.0,914,21388.0,6775.0,1736,34973.0,323113.0,35710663.0,282790,2437.0,1651.0,7597495.0,57085,123640600,1275712,10449445.0,3747.0,25.0,0.0,1065.0,0.0,0.0,299.0,0.0,0.0,0.0,0.0,227431.0,2034.0,3300638.0,40012.0
150,2020-10-08,331511512,204754.0,979,21217.0,6694.0,2134,34446.0,321377.0,35427873.0,6923,2427.0,1638.0,7540410.0,55308,122364888,1225426,10449445.0,3722.0,29.0,0.0,1051.0,0.0,0.0,296.0,0.0,0.0,0.0,0.0,225397.0,2428.0,3260626.0,33428.0
151,2020-10-07,331511512,203775.0,929,21112.0,6591.0,2138,33565.0,319243.0,35420950.0,232274,2410.0,1650.0,7485102.0,51216,121139462,1081509,10449445.0,3693.0,23.0,0.0,1028.0,0.0,0.0,288.0,0.0,0.0,0.0,0.0,222969.0,1711.0,3227198.0,16888.0
152,2020-10-06,331511512,202846.0,613,20973.0,6490.0,-752,32726.0,317105.0,35188676.0,185103,2388.0,1609.0,7433886.0,38846,120057953,954557,10449445.0,3670.0,33.0,0.0,1013.0,0.0,0.0,290.0,0.0,0.0,0.0,0.0,221258.0,1504.0,3210310.0,17794.0
153,2020-10-05,331511512,202233.0,331,20812.0,6292.0,1447,31426.0,317857.0,35003573.0,243549,2370.0,1514.0,7395040.0,37752,119103396,937566,10449445.0,3637.0,3.0,0.0,971.0,0.0,0.0,274.0,0.0,0.0,0.0,0.0,219754.0,2258.0,3192516.0,26698.0
154,2020-10-04,331511512,201902.0,380,20729.0,6056.0,663,30063.0,316410.0,34760024.0,298235,2362.0,1485.0,7357288.0,38165,118165830,1026748,10449445.0,3634.0,5.0,0.0,907.0,0.0,0.0,266.0,0.0,0.0,0.0,0.0,217496.0,610.0,3165818.0,31889.0
155,2020-10-03,331511512,201522.0,738,20686.0,6073.0,1088,30209.0,315747.0,34461789.0,182570,2358.0,1501.0,7319123.0,50874,117139082,1126528,10449445.0,3629.0,21.0,0.0,921.0,0.0,0.0,273.0,0.0,0.0,0.0,0.0,216886.0,2202.0,3133929.0,35426.0
156,2020-10-02,331511512,200784.0,842,20612.0,6195.0,1443,30880.0,314659.0,34279219.0,311588,2348.0,1534.0,7268249.0,49427,116012554,1216123,10449445.0,3608.0,29.0,0.0,921.0,0.0,0.0,278.0,0.0,0.0,0.0,0.0,214684.0,1775.0,3098503.0,39874.0
157,2020-10-01,331511512,199942.0,862,20492.0,6262.0,1757,30942.0,313216.0,33967631.0,214834,2334.0,1543.0,7218822.0,45720,114796431,1016972,10449445.0,3579.0,47.0,0.0,939.0,0.0,0.0,297.0,0.0,0.0,0.0,0.0,212909.0,2277.0,3058629.0,28574.0
158,2020-09-30,331511512,199080.0,1064,20390.0,6241.0,1618,31021.0,311459.0,33752797.0,226976,2319.0,1510.0,7173102.0,44909,113779459,976422,10449445.0,3532.0,38.0,0.0,956.0,0.0,0.0,297.0,0.0,0.0,0.0,0.0,210632.0,1495.0,3030055.0,13675.0
159,2020-09-29,331511512,198016.0,724,20247.0,6172.0,1673,30601.0,309841.0,33525821.0,203930,2298.0,1497.0,7128193.0,36766,112803037,992038,10449445.0,3494.0,49.0,0.0,950.0,0.0,0.0,287.0,0.0,0.0,0.0,0.0,209137.0,889.0,3016380.0,13789.0
160,2020-09-28,331511512,197292.0,246,20121.0,6048.0,1181,29696.0,308168.0,33321891.0,258394,2285.0,1513.0,7091427.0,35376,111810999,991825,10449445.0,3445.0,4.0,0.0,897.0,0.0,0.0,271.0,0.0,0.0,0.0,0.0,208248.0,868.0,3002591.0,25913.0
161,2020-09-27,331511512,197046.0,310,20050.0,6170.0,613,29579.0,306987.0,33063497.0,193116,2277.0,1511.0,7056051.0,34990,110819174,932751,10449445.0,3441.0,1.0,0.0,917.0,0.0,0.0,269.0,0.0,0.0,0.0,0.0,207380.0,1290.0,2976678.0,31292.0
162,2020-09-26,331511512,196736.0,873,20002.0,6143.0,1214,29670.0,306374.0,32870381.0,260732,2272.0,1509.0,7021061.0,47227,109886423,1136490,10449445.0,3440.0,31.0,0.0,914.0,0.0,0.0,272.0,0.0,0.0,0.0,0.0,206090.0,1759.0,2945386.0,35809.0
163,2020-09-25,331511512,195863.0,847,19919.0,6220.0,1333,29891.0,305160.0,32609649.0,290503,2264.0,1508.0,6973834.0,55278,108749933,1156284,10449445.0,3409.0,53.0,0.0,903.0,0.0,0.0,281.0,0.0,0.0,0.0,0.0,204331.0,6142.0,2909577.0,38070.0
164,2020-09-24,331511512,195016.0,938,19555.0,6274.0,1484,30159.0,303827.0,32319146.0,254550,2177.0,1560.0,6918556.0,43341,107593649,1010190,10449445.0,3356.0,40.0,0.0,902.0,0.0,0.0,279.0,0.0,0.0,0.0,0.0,198189.0,1688.0,2871507.0,28179.0
165,2020-09-23,331511512,194078.0,1156,19452.0,6200.0,1454,30015.0,302343.0,32064596.0,223960,2154.0,1545.0,6875215.0,39498,106583459,1013367,10449445.0,3316.0,30.0,0.0,912.0,0.0,0.0,281.0,0.0,0.0,0.0,0.0,196501.0,952.0,2843328.0,12334.0
166,2020-09-22,331511512,192922.0,859,19324.0,6188.0,1534,29645.0,300889.0,31840636.0,258099,2130.0,1558.0,6835717.0,48986,105570092,917213,10449445.0,3286.0,39.0,0.0,905.0,0.0,0.0,277.0,0.0,0.0,0.0,0.0,195549.0,1168.0,2830994.0,16001.0
167,2020-09-21,331511512,192063.0,281,19353.0,6138.0,1064,28849.0,299355.0,31582537.0,146752,2116.0,1570.0,6786731.0,39162,104652879,750351,10449445.0,3247.0,4.0,0.0,885.0,0.0,0.0,277.0,0.0,0.0,0.0,0.0,194381.0,800.0,2814993.0,24679.0
168,2020-09-20,331511512,191782.0,327,19281.0,6100.0,525,28724.0,298291.0,31435785.0,265956,2112.0,1595.0,6747569.0,35533,103902528,994272,10449445.0,3243.0,8.0,0.0,889.0,0.0,0.0,292.0,0.0,0.0,0.0,0.0,193581.0,1333.0,2790314.0,27403.0
169,2020-09-19,331511512,191455.0,747,19243.0,6163.0,1051,29185.0,297766.0,31169829.0,279068,2111.0,1577.0,6712036.0,45668,102908256,1169942,10449445.0,3235.0,28.0,0.0,882.0,0.0,0.0,293.0,0.0,0.0,0.0,0.0,192248.0,1229.0,2762911.0,34441.0
170,2020-09-18,331511512,190708.0,901,19163.0,6175.0,1423,29651.0,296715.0,30890761.0,277046,2107.0,1608.0,6666368.0,46889,101738314,1094695,10449445.0,3207.0,27.0,0.0,904.0,0.0,0.0,283.0,0.0,0.0,0.0,0.0,191019.0,1443.0,2728470.0,37607.0
171,2020-09-17,331511512,189807.0,880,19057.0,6285.0,1549,30035.0,295292.0,30613715.0,245451,2092.0,1662.0,6619479.0,43642,100643619,990095,10449445.0,3180.0,31.0,0.0,894.0,0.0,0.0,286.0,0.0,0.0,0.0,0.0,189576.0,1552.0,2690863.0,28506.0
172,2020-09-16,331511512,188927.0,1190,18961.0,6303.0,1461,30345.0,293743.0,30368264.0,182360,2090.0,1647.0,6575837.0,40319,99653524,839956,10449445.0,3149.0,38.0,0.0,918.0,0.0,0.0,297.0,0.0,0.0,0.0,0.0,188024.0,1137.0,2662357.0,15629.0
173,2020-09-15,331511512,187737.0,1034,18847.0,6308.0,1484,30427.0,292282.0,30185904.0,216815,2071.0,1574.0,6535518.0,34778,98813568,852734,10449445.0,3111.0,51.0,0.0,916.0,0.0,0.0,297.0,0.0,0.0,0.0,0.0,186887.0,1106.0,2646728.0,18342.0
174,2020-09-14,331511512,186703.0,407,18748.0,6256.0,912,30225.0,290798.0,29969089.0,198825,2061.0,1601.0,6500740.0,33572,97960834,821093,10449445.0,3060.0,8.0,0.0,895.0,0.0,0.0,293.0,0.0,0.0,0.0,0.0,185781.0,845.0,2628386.0,26203.0
175,2020-09-13,331511512,186296.0,392,18692.0,6232.0,545,30027.0,289886.0,29770264.0,226347,2056.0,1654.0,6467168.0,34579,97139741,792700,10449445.0,3052.0,5.0,0.0,831.0,0.0,0.0,270.0,0.0,0.0,0.0,0.0,184936.0,1196.0,2602183.0,33367.0
176,2020-09-12,331511512,185904.0,817,18648.0,6449.0,1145,30912.0,289341.0,29543917.0,227638,2051.0,1721.0,6432589.0,41850,96347041,1020760,10449445.0,3047.0,24.0,0.0,870.0,0.0,0.0,287.0,0.0,0.0,0.0,0.0,183740.0,1454.0,2568816.0,38681.0
177,2020-09-11,331511512,185087.0,1015,18549.0,6371.0,1510,31679.0,288196.0,29316279.0,244892,2031.0,1816.0,6390739.0,44698,95326281,937575,10449445.0,3023.0,33.0,0.0,938.0,0.0,0.0,292.0,0.0,0.0,0.0,0.0,182286.0,1532.0,2530135.0,33872.0
178,2020-09-10,331511512,184072.0,1161,18453.0,6522.0,1497,32535.0,286686.0,29071387.0,195629,2008.0,1923.0,6346041.0,37386,94388706,821385,10449445.0,2990.0,32.0,0.0,928.0,0.0,0.0,291.0,0.0,0.0,0.0,0.0,180754.0,1222.0,2496263.0,15536.0
179,2020-09-09,331511512,182911.0,1088,18323.0,6659.0,1918,32670.0,285189.0,28875758.0,193412,1994.0,1906.0,6308655.0,30756,93567321,751002,10449445.0,2958.0,49.0,0.0,916.0,0.0,0.0,296.0,0.0,0.0,0.0,0.0,179532.0,897.0,2480727.0,10621.0
180,2020-09-08,331511512,181823.0,347,18189.0,6541.0,987,32255.0,283271.0,28682346.0,123290,1975.0,1870.0,6277899.0,22310,92816319,546859,10449445.0,2909.0,12.0,0.0,827.0,0.0,0.0,262.0,0.0,0.0,0.0,0.0,178635.0,716.0,2470106.0,15250.0
181,2020-09-07,331511512,181476.0,227,18156.0,6635.0,474,32052.0,282284.0,28559056.0,191875,1967.0,1881.0,6255589.0,28117,92269460,670866,10449445.0,2897.0,7.0,0.0,765.0,0.0,0.0,248.0,0.0,0.0,0.0,0.0,177919.0,1018.0,2454856.0,25209.0
182,2020-09-06,331511512,181249.0,452,18125.0,6701.0,499,32428.0,281810.0,28367181.0,206134,1960.0,1912.0,6227472.0,33033,91598594,764565,10449445.0,2890.0,1.0,0.0,830.0,0.0,0.0,250.0,0.0,0.0,0.0,0.0,176901.0,1086.0,2429647.0,28779.0
183,2020-09-05,331511512,180797.0,926,18089.0,6758.0,1173,33626.0,281311.0,28161047.0,218536,1956.0,1956.0,6194439.0,44860,90834029,993565,10449445.0,2889.0,50.0,0.0,831.0,0.0,0.0,254.0,0.0,0.0,0.0,0.0,175815.0,1561.0,2400868.0,32622.0
184,2020-09-04,331511512,179871.0,999,18012.0,6922.0,1249,34177.0,280138.0,27942511.0,256511,1943.0,1998.0,6149579.0,51600,89840464,1089037,10449445.0,2839.0,36.0,0.0,955.0,0.0,0.0,281.0,0.0,0.0,0.0,0.0,174254.0,2045.0,2368246.0,36879.0
185,2020-09-03,331511512,178872.0,1072,17894.0,6923.0,1488,34753.0,278889.0,27686000.0,227081,1928.0,2038.0,6097979.0,44631,88751427,909820,10449445.0,2803.0,24.0,0.0,858.0,0.0,0.0,257.0,0.0,0.0,0.0,0.0,172209.0,1656.0,2331367.0,28887.0
186,2020-09-02,331511512,177800.0,1035,17788.0,7091.0,1521,35661.0,277401.0,27458919.0,211097,1918.0,2027.0,6053348.0,30667,87841607,796145,10449445.0,2779.0,38.0,0.0,858.0,0.0,0.0,270.0,0.0,0.0,0.0,0.0,170553.0,1129.0,2302480.0,15065.0
187,2020-09-01,331511512,176765.0,1014,17655.0,7084.0,1867,35338.0,275880.0,27247822.0,179210,1902.0,2041.0,6022681.0,42242,87045462,796530,10449445.0,2741.0,39.0,0.0,946.0,0.0,0.0,270.0,0.0,0.0,0.0,0.0,169424.0,2111.0,2287415.0,18622.0
188,2020-08-31,331511512,175751.0,380,17537.0,7054.0,710,35476.0,274013.0,27068612.0,180728,1877.0,2080.0,5980439.0,31720,86248932,680649,10449445.0,2702.0,10.0,0.0,923.0,0.0,0.0,244.0,0.0,0.0,0.0,0.0,167313.0,1186.0,2268793.0,25044.0
189,2020-08-30,331511512,175371.0,477,17439.0,7268.0,662,35770.0,273303.0,26887884.0,220804,1870.0,2057.0,5948719.0,38766,85568283,823352,10449445.0,2692.0,9.0,0.0,917.0,0.0,0.0,260.0,0.0,0.0,0.0,0.0,166127.0,1051.0,2243749.0,30979.0
190,2020-08-29,331511512,174894.0,1017,17401.0,7413.0,1299,36516.0,272641.0,26667080.0,257166,1864.0,2062.0,5909953.0,43995,84744931,947087,10449445.0,2683.0,31.0,0.0,965.0,0.0,0.0,264.0,0.0,0.0,0.0,0.0,165076.0,2585.0,2212770.0,34871.0
191,2020-08-28,331511512,173877.0,1020,17304.0,7591.0,1642,37356.0,271342.0,26409914.0,224635,1856.0,2087.0,5865958.0,46115,83797844,938465,10449445.0,2652.0,22.0,0.0,970.0,0.0,0.0,278.0,0.0,0.0,0.0,0.0,162491.0,1415.0,2177899.0,35721.0
192,2020-08-27,331511512,172857.0,1128,17181.0,7712.0,1654,37498.0,269700.0,26185279.0,243599,1831.0,2128.0,5819843.0,44111,82859379,857577,10449445.0,2630.0,24.0,0.0,958.0,0.0,0.0,272.0,0.0,0.0,0.0,0.0,161076.0,2091.0,2142178.0,31132.0
193,2020-08-26,331511512,171729.0,1300,17046.0,7742.0,1804,38515.0,268046.0,25941680.0,216584,1809.0,2143.0,5775732.0,44331,82001802,772668,10449445.0,2606.0,36.0,0.0,1004.0,0.0,0.0,281.0,0.0,0.0,0.0,0.0,158985.0,1244.0,2111046.0,14920.0
194,2020-08-25,331511512,170429.0,1140,16920.0,7854.0,1988,38831.0,266242.0,25725096.0,224504,1789.0,2161.0,5731401.0,36839,81229134,743872,10449445.0,2570.0,35.0,0.0,1000.0,0.0,0.0,270.0,0.0,0.0,0.0,0.0,157741.0,1345.0,2096126.0,13120.0
195,2020-08-24,331511512,169289.0,341,16787.0,7854.0,1031,38806.0,264254.0,25500592.0,219639,1764.0,2112.0,5694562.0,34543,80485262,714951,10449445.0,2535.0,4.0,0.0,948.0,0.0,0.0,274.0,0.0,0.0,0.0,0.0,156396.0,1283.0,2083006.0,24169.0
196,2020-08-23,331511512,168948.0,577,16697.0,7949.0,698,39064.0,263223.0,25280953.0,128482,1737.0,2131.0,5660019.0,37900,79770311,725718,10449445.0,2531.0,10.0,0.0,898.0,0.0,0.0,268.0,0.0,0.0,0.0,0.0,155113.0,1472.0,2058837.0,24904.0
197,2020-08-22,331511512,168371.0,1035,16657.0,8207.0,1604,40017.0,262525.0,25152471.0,226652,1736.0,2204.0,5622119.0,46033,79044593,908182,10449445.0,2521.0,27.0,0.0,996.0,0.0,0.0,279.0,0.0,0.0,0.0,0.0,153641.0,1729.0,2033933.0,25761.0
198,2020-08-21,331511512,167336.0,1119,16563.0,8358.0,1782,41052.0,260921.0,24925819.0,254673,1730.0,2288.0,5576086.0,46477,78136411,915434,10449445.0,2494.0,29.0,0.0,1015.0,0.0,0.0,284.0,0.0,0.0,0.0,0.0,151912.0,2008.0,2008172.0,26022.0
199,2020-08-20,331511512,166217.0,1129,16487.0,8486.0,1983,42109.0,259139.0,24671146.0,208472,1716.0,2330.0,5529609.0,43844,77220977,864210,10449445.0,2465.0,34.0,0.0,1023.0,0.0,0.0,280.0,0.0,0.0,0.0,0.0,149904.0,1972.0,1982150.0,25739.0
200,2020-08-19,331511512,165088.0,1411,16377.0,8747.0,1983,43406.0,257156.0,24462674.0,243232,1705.0,2375.0,5485765.0,45073,76356767,832115,10449445.0,2431.0,35.0,0.0,1001.0,0.0,0.0,306.0,0.0,0.0,0.0,0.0,147932.0,1153.0,1956411.0,10893.0
201,2020-08-18,331511512,163677.0,1179,16123.0,8859.0,2261,43840.0,255173.0,24219442.0,205817,1695.0,2467.0,5440692.0,40070,75524652,771994,10449445.0,2396.0,48.0,0.0,1026.0,0.0,0.0,313.0,0.0,0.0,0.0,0.0,146779.0,1263.0,1945518.0,13862.0
202,2020-08-17,331511512,162498.0,411,15985.0,8881.0,1224,43614.0,252912.0,24013625.0,186974,1678.0,2444.0,5400622.0,37751,74752658,702582,10449445.0,2348.0,1.0,0.0,980.0,0.0,0.0,290.0,0.0,0.0,0.0,0.0,145516.0,564.0,1931656.0,23021.0
203,2020-08-16,331511512,162087.0,617,15924.0,8958.0,685,44155.0,251688.0,23826651.0,258191,1665.0,2481.0,5362871.0,42503,74050076,785200,10449445.0,2347.0,4.0,0.0,934.0,0.0,0.0,289.0,0.0,0.0,0.0,0.0,144952.0,1246.0,1908635.0,25652.0
204,2020-08-15,331511512,161470.0,1227,15891.0,9087.0,1891,44922.0,251003.0,23568460.0,249608,1663.0,2526.0,5320368.0,56003,73264876,893080,10449445.0,2343.0,30.0,0.0,1032.0,0.0,0.0,320.0,0.0,0.0,0.0,0.0,143706.0,1536.0,1882983.0,22856.0
205,2020-08-14,331511512,160243.0,1226,15768.0,9277.0,2141,45868.0,249112.0,23318852.0,308763,1665.0,2555.0,5264365.0,57144,72371796,990725,10449445.0,2313.0,26.0,0.0,1049.0,0.0,0.0,308.0,0.0,0.0,0.0,0.0,142170.0,1346.0,1860127.0,30068.0
206,2020-08-13,331511512,159017.0,1163,15629.0,9480.0,2675,47303.0,246971.0,23010089.0,256634,1649.0,2574.0,5207221.0,51763,71381071,954412,10449445.0,2287.0,38.0,0.0,1070.0,0.0,0.0,313.0,0.0,0.0,0.0,0.0,140824.0,1763.0,1830059.0,26715.0
207,2020-08-12,331511512,157854.0,1517,15524.0,9564.0,2971,48067.0,244296.0,22753455.0,235552,1629.0,2602.0,5155458.0,56186,70426659,813796,10449445.0,2249.0,45.0,0.0,1062.0,0.0,0.0,311.0,0.0,0.0,0.0,0.0,139061.0,1166.0,1803344.0,15704.0
208,2020-08-11,331511512,156337.0,1320,15331.0,9135.0,2624,48600.0,241325.0,22517903.0,230600,1612.0,2422.0,5099272.0,54935,69612863,845183,10449445.0,2204.0,32.0,0.0,1122.0,0.0,0.0,329.0,0.0,0.0,0.0,0.0,137895.0,1051.0,1787640.0,17137.0
209,2020-08-10,331511512,155017.0,430,15158.0,9209.0,1554,48751.0,238701.0,22287303.0,210324,1592.0,2529.0,5044337.0,41370,68767680,741379,10449445.0,2172.0,4.0,0.0,1111.0,0.0,0.0,317.0,0.0,0.0,0.0,0.0,136844.0,626.0,1770503.0,19182.0
210,2020-08-09,331511512,154587.0,621,15081.0,9307.0,862,48997.0,237147.0,22076979.0,260584,1578.0,2507.0,5002967.0,50766,68026301,803537,10449445.0,2168.0,8.0,0.0,1109.0,0.0,0.0,315.0,0.0,0.0,0.0,0.0,136218.0,1452.0,1751321.0,21031.0
211,2020-08-08,331511512,153966.0,1086,15024.0,9662.0,1493,50071.0,236285.0,21816395.0,191879,1561.0,2566.0,4952201.0,53492,67222764,789814,10449445.0,2160.0,26.0,0.0,1129.0,0.0,0.0,335.0,0.0,0.0,0.0,0.0,134766.0,1954.0,1730290.0,21840.0
212,2020-08-07,331511512,152880.0,1322,14925.0,9698.0,7994,51329.0,234792.0,21624516.0,263973,1549.0,2628.0,4898709.0,60837,66432950,890426,10449445.0,2134.0,42.0,0.0,1123.0,0.0,0.0,339.0,0.0,0.0,0.0,0.0,132812.0,1545.0,1708450.0,23469.0
213,2020-08-06,331511512,151558.0,1242,14810.0,9996.0,2616,53220.0,226798.0,21360543.0,266841,1534.0,2714.0,4837872.0,54045,65542524,848687,10449445.0,2092.0,42.0,0.0,1147.0,0.0,0.0,333.0,0.0,0.0,0.0,0.0,131267.0,1979.0,1684981.0,19558.0
214,2020-08-05,331511512,150316.0,1354,14687.0,9988.0,2117,53432.0,224182.0,21093702.0,232010,1524.0,2721.0,4783827.0,52691,64693837,816864,10449445.0,2050.0,40.0,0.0,1167.0,0.0,0.0,346.0,0.0,0.0,0.0,0.0,129288.0,1127.0,1665423.0,11613.0
215,2020-08-04,331511512,148962.0,1242,14537.0,10207.0,4423,53436.0,222065.0,20861692.0,236338,1493.0,2701.0,4731136.0,51205,63876973,806693,10449445.0,2010.0,28.0,0.0,1166.0,0.0,0.0,339.0,0.0,0.0,0.0,0.0,128161.0,1629.0,1653810.0,19740.0
216,2020-08-03,331511512,147720.0,516,14370.0,10233.0,1558,53516.0,217642.0,20625354.0,208982,1463.0,2664.0,4679931.0,42743,63070280,712084,10449445.0,1982.0,13.0,0.0,1057.0,0.0,0.0,318.0,0.0,0.0,0.0,0.0,126532.0,1313.0,1634070.0,23480.0
217,2020-08-02,331511512,147204.0,496,14289.0,10343.0,832,54108.0,216084.0,20416372.0,252325,1448.0,2645.0,4637188.0,53322,62358196,790665,10449445.0,1969.0,5.0,0.0,1142.0,0.0,0.0,341.0,0.0,0.0,0.0,0.0,125219.0,1341.0,1610590.0,23091.0
218,2020-08-01,331511512,146708.0,1201,14227.0,10347.0,2385,54554.0,215252.0,20164047.0,231941,1445.0,2698.0,4583866.0,60640,61567531,817592,10449445.0,1964.0,40.0,0.0,1151.0,0.0,0.0,349.0,0.0,0.0,0.0,0.0,123878.0,1730.0,1587499.0,23947.0
219,2020-07-31,331511512,145507.0,1324,14044.0,10471.0,2531,55718.0,212867.0,19932106.0,98958,1437.0,2701.0,4523226.0,67835,60749939,988464,10449445.0,1924.0,21.0,0.0,1229.0,0.0,0.0,363.0,0.0,0.0,0.0,0.0,122148.0,1954.0,1563552.0,25438.0
220,2020-07-30,331511512,144183.0,1250,13877.0,10549.0,3293,56570.0,210336.0,19833148.0,261399,1415.0,2762.0,4455391.0,68979,59761475,887682,10449445.0,1903.0,38.0,0.0,1239.0,0.0,0.0,358.0,0.0,0.0,0.0,0.0,120194.0,2344.0,1538114.0,25175.0
221,2020-07-29,331511512,142933.0,1505,13747.0,10435.0,2860,57423.0,207043.0,19571749.0,287378,1400.0,2771.0,4386412.0,64156,58873793,908697,10449445.0,1865.0,45.0,0.0,1291.0,0.0,0.0,361.0,0.0,0.0,0.0,0.0,117850.0,1763.0,1512939.0,20426.0
222,2020-07-28,331511512,141428.0,1111,13559.0,10414.0,4067,57185.0,204183.0,19284371.0,234128,1372.0,2748.0,4322256.0,58452,57965096,842394,10449445.0,1820.0,30.0,0.0,1244.0,0.0,0.0,364.0,0.0,0.0,0.0,0.0,116087.0,1749.0,1492513.0,18738.0
223,2020-07-27,331511512,140317.0,1066,13413.0,10183.0,1632,58987.0,200116.0,19050243.0,243001,1356.0,2723.0,4263804.0,54484,57122702,768987,10449445.0,1790.0,5.0,0.0,1169.0,0.0,0.0,352.0,0.0,0.0,0.0,0.0,114338.0,1625.0,1473775.0,25642.0
224,2020-07-26,331511512,139251.0,561,13343.0,10424.0,1380,58731.0,198484.0,18807242.0,290147,1336.0,2723.0,4209320.0,60768,56353715,859179,10449445.0,1785.0,7.0,0.0,1170.0,0.0,0.0,350.0,0.0,0.0,0.0,0.0,112713.0,1621.0,1448133.0,23879.0
225,2020-07-25,331511512,138690.0,1012,13279.0,10308.0,1816,59382.0,197104.0,18517095.0,280225,1300.0,2729.0,4148552.0,64788,55494536,882389,10449445.0,1778.0,32.0,0.0,1168.0,0.0,0.0,362.0,0.0,0.0,0.0,0.0,111092.0,2097.0,1424254.0,22113.0
226,2020-07-24,331511512,137678.0,1174,13184.0,10288.0,3066,59801.0,195288.0,18236870.0,311767,1297.0,2709.0,4083764.0,75095,54612147,1007671,10449445.0,1746.0,20.0,0.0,1182.0,0.0,0.0,363.0,0.0,0.0,0.0,0.0,108995.0,2102.0,1402141.0,26648.0
227,2020-07-23,331511512,136504.0,1071,12933.0,10370.0,2371,59862.0,192222.0,17925103.0,313497,1280.0,2467.0,4008669.0,71426,53604476,930658,10449445.0,1726.0,28.0,0.0,1188.0,0.0,0.0,360.0,0.0,0.0,0.0,0.0,106893.0,1892.0,1375493.0,25652.0
228,2020-07-22,331511512,135433.0,1149,12792.0,10339.0,2237,59759.0,189851.0,17611606.0,262481,1258.0,2444.0,3937243.0,69442,52673818,900463,10449445.0,1698.0,30.0,0.0,1137.0,0.0,0.0,338.0,0.0,0.0,0.0,0.0,105001.0,2140.0,1349841.0,19982.0
229,2020-07-21,331511512,134284.0,1043,12632.0,10046.0,2555,59479.0,187614.0,17349125.0,240265,1242.0,2414.0,3867801.0,62887,51773355,833566,10449445.0,1668.0,26.0,0.0,1179.0,0.0,0.0,0.0,0.0,0.0,0.0,0.0,102861.0,1815.0,1329859.0,21111.0
230,2020-07-20,331511512,133241.0,376,12475.0,9832.0,1563,58521.0,185059.0,17108860.0,247893,1223.0,2403.0,3804914.0,56709,50939789,737207,10449445.0,1642.0,8.0,0.0,1086.0,0.0,0.0,0.0,0.0,0.0,0.0,0.0,101046.0,1268.0,1308748.0,24440.0
231,2020-07-19,331511512,132865.0,526,12393.0,9581.0,886,58052.0,183496.0,16860967.0,265500,1216.0,2362.0,3748205.0,64207,50202582,789513,10449445.0,1634.0,5.0,0.0,1115.0,0.0,0.0,0.0,0.0,0.0,0.0,0.0,99778.0,1820.0,1284308.0,25799.0
232,2020-07-18,331511512,132339.0,877,12343.0,9809.0,1994,57818.0,182610.0,16595467.0,215087,1211.0,2343.0,3683998.0,64773,49413069,869668,10449445.0,1629.0,23.0,0.0,1154.0,0.0,0.0,0.0,0.0,0.0,0.0,0.0,97958.0,2481.0,1258509.0,28220.0
233,2020-07-17,331511512,131462.0,938,12243.0,9714.0,2485,57871.0,180616.0,16380380.0,276023,1200.0,2352.0,3619225.0,76498,48543401,943532,10449445.0,1606.0,18.0,0.0,1180.0,0.0,0.0,0.0,0.0,0.0,0.0,0.0,95477.0,2051.0,1230289.0,22271.0
234,2020-07-16,331511512,130524.0,940,12091.0,9565.0,2207,57600.0,178131.0,16104357.0,287728,1175.0,2314.0,3542727.0,70493,47599869,948000,10449445.0,1588.0,20.0,0.0,1134.0,0.0,0.0,0.0,0.0,0.0,0.0,0.0,93426.0,2160.0,1208018.0,23132.0
235,2020-07-15,331511512,129584.0,864,12003.0,9497.0,2315,56341.0,175924.0,15816629.0,268285,1166.0,2322.0,3472234.0,69372,46651869,913964,10449445.0,1568.0,16.0,0.0,1142.0,0.0,0.0,0.0,0.0,0.0,0.0,0.0,91266.0,1782.0,1184886.0,23193.0
236,2020-07-14,331511512,128720.0,742,11857.0,9342.0,2322,55677.0,173609.0,15548344.0,259522,1154.0,2263.0,3402862.0,58618,45737905,835275,10449445.0,1552.0,42.0,0.0,1109.0,0.0,0.0,0.0,0.0,0.0,0.0,0.0,89484.0,1956.0,1161693.0,18874.0
237,2020-07-13,331511512,127978.0,329,11749.0,9207.0,1120,54120.0,171287.0,15288822.0,224951,1142.0,2254.0,3344244.0,57144,44902630,764696,10449445.0,1510.0,7.0,0.0,1040.0,0.0,0.0,0.0,0.0,0.0,0.0,0.0,87528.0,1827.0,1142819.0,27022.0
238,2020-07-12,331511512,127649.0,471,11679.0,8983.0,890,52860.0,170167.0,15063871.0,264002,1136.0,2182.0,3287100.0,61602,44137934,796940,10449445.0,1503.0,4.0,0.0,1070.0,0.0,0.0,0.0,0.0,0.0,0.0,0.0,85701.0,1908.0,1115797.0,24483.0
239,2020-07-11,331511512,127178.0,753,11613.0,8934.0,5088,51984.0,169277.0,14799869.0,264730,1128.0,2169.0,3225498.0,62584,43340994,836027,10449445.0,1499.0,20.0,0.0,1093.0,0.0,0.0,0.0,0.0,0.0,0.0,0.0,83793.0,2462.0,1091314.0,22280.0
240,2020-07-10,331511512,126425.0,841,11524.0,8812.0,2197,51720.0,164189.0,14535139.0,288473,1118.0,2192.0,3162914.0,67108,42504967,912598,10449445.0,1479.0,18.0,0.0,1046.0,0.0,0.0,0.0,0.0,0.0,0.0,0.0,81331.0,1982.0,1069034.0,23660.0
241,2020-07-09,331511512,125584.0,862,11395.0,8766.0,1663,44053.0,161992.0,14246666.0,284206,1138.0,2129.0,3095806.0,59063,41592369,846548,10449445.0,1461.0,20.0,0.0,1034.0,0.0,0.0,0.0,0.0,0.0,0.0,0.0,79349.0,2039.0,1045374.0,18338.0
242,2020-07-08,331511512,124722.0,819,11303.0,8750.0,1888,43205.0,160329.0,13962460.0,211657,1103.0,2167.0,3036743.0,62815,40745821,780578,10449445.0,1441.0,21.0,0.0,994.0,0.0,0.0,0.0,0.0,0.0,0.0,0.0,77310.0,1435.0,1027036.0,14821.0
243,2020-07-07,331511512,123903.0,906,11178.0,8568.0,1975,41948.0,158441.0,13750803.0,206545,1084.0,2102.0,2973928.0,50991,39965243,742033,10449445.0,1420.0,22.0,0.0,989.0,0.0,0.0,0.0,0.0,0.0,0.0,0.0,75875.0,1346.0,1012215.0,17129.0
244,2020-07-06,331511512,122997.0,233,11058.0,8336.0,765,39960.0,156466.0,13544258.0,172741,1070.0,2104.0,2922937.0,40902,39223210,650829,10449445.0,1398.0,2.0,0.0,982.0,0.0,0.0,0.0,0.0,0.0,0.0,0.0,74529.0,1546.0,995086.0,18885.0
245,2020-07-05,331511512,122764.0,214,11010.0,8170.0,583,38872.0,155701.0,13371517.0,212886,1064.0,2080.0,2882035.0,45374,38572381,620599,10449445.0,1396.0,1.0,0.0,949.0,0.0,0.0,0.0,0.0,0.0,0.0,0.0,72983.0,1329.0,976201.0,16908.0
246,2020-07-04,331511512,122550.0,295,10977.0,8082.0,870,38281.0,155118.0,13158631.0,209668,1063.0,1982.0,2836661.0,54846,37951782,688460,10449445.0,1395.0,3.0,0.0,945.0,0.0,0.0,0.0,0.0,0.0,0.0,0.0,71654.0,1413.0,959293.0,20409.0
247,2020-07-03,331511512,122255.0,602,10937.0,7935.0,1358,37921.0,154248.0,12948963.0,247201,1059.0,2049.0,2781815.0,54214,37263322,796290,10449445.0,1392.0,1.0,0.0,951.0,0.0,0.0,0.0,0.0,0.0,0.0,0.0,70241.0,2099.0,938884.0,21474.0
248,2020-07-02,331511512,121653.0,699,10843.0,7867.0,1699,37645.0,152890.0,12701762.0,229405,1041.0,2104.0,2727601.0,53511,36467032,772899,10449445.0,1391.0,18.0,0.0,912.0,0.0,0.0,0.0,0.0,0.0,0.0,0.0,68142.0,1629.0,917410.0,21911.0
249,2020-07-01,331511512,120954.0,696,10752.0,7647.0,1429,36521.0,151191.0,12472357.0,224475,1027.0,2099.0,2674090.0,51044,35694133,731673,10449445.0,1373.0,30.0,0.0,901.0,0.0,0.0,0.0,0.0,0.0,0.0,0.0,66513.0,1843.0,895499.0,18461.0
250,2020-06-30,331511512,120258.0,583,10669.0,7419.0,1473,35340.0,149762.0,12247882.0,226105,1008.0,2044.0,2623046.0,47032,34962460,712260,10449445.0,1343.0,18.0,0.0,908.0,0.0,0.0,0.0,0.0,0.0,0.0,0.0,64670.0,1186.0,877038.0,16374.0
251,2020-06-29,331511512,119675.0,336,10542.0,7283.0,728,33742.0,148289.0,12021777.0,245719,990.0,2021.0,2576014.0,39368,34250200,661374,10449445.0,1325.0,3.0,0.0,843.0,0.0,0.0,0.0,0.0,0.0,0.0,0.0,63484.0,1342.0,860664.0,17548.0
252,2020-06-28,331511512,119339.0,271,10473.0,7080.0,549,32577.0,147561.0,11776058.0,227853,983.0,2077.0,2536646.0,41729,33588826,611620,10449445.0,1322.0,10.0,0.0,890.0,0.0,0.0,0.0,0.0,0.0,0.0,0.0,62142.0,1605.0,843116.0,20411.0
253,2020-06-27,331511512,119068.0,510,10416.0,6998.0,1059,32569.0,147012.0,11548205.0,217216,977.0,2159.0,2494917.0,43104,32977206,723493,10449445.0,1312.0,9.0,0.0,888.0,0.0,0.0,0.0,0.0,0.0,0.0,0.0,60537.0,1719.0,822705.0,19149.0
254,2020-06-26,331511512,118558.0,608,10334.0,7017.0,1540,31850.0,145953.0,11330989.0,218689,966.0,2069.0,2451813.0,44300,32253713,737868,10449445.0,1303.0,19.0,0.0,892.0,0.0,0.0,0.0,0.0,0.0,0.0,0.0,58818.0,1635.0,803556.0,21238.0
255,2020-06-25,331511512,117950.0,654,10258.0,6905.0,1298,31920.0,144413.0,11112300.0,248068,951.0,2214.0,2407513.0,39720,31515845,712795,10449445.0,1284.0,18.0,0.0,891.0,0.0,0.0,0.0,0.0,0.0,0.0,0.0,57183.0,1009.0,782318.0,18527.0
256,2020-06-24,331511512,117296.0,704,10173.0,6752.0,1246,31268.0,143115.0,10864232.0,184959,934.0,2247.0,2367793.0,39131,30803050,618161,10449445.0,1266.0,15.0,0.0,906.0,0.0,0.0,0.0,0.0,0.0,0.0,0.0,56174.0,1721.0,763791.0,15713.0
257,2020-06-23,331511512,116592.0,728,10077.0,6791.0,1266,30352.0,141869.0,10679273.0,172591,918.0,2292.0,2328662.0,33446,30184889,671798,10449445.0,1251.0,28.0,0.0,915.0,0.0,0.0,0.0,0.0,0.0,0.0,0.0,54453.0,848.0,748078.0,11253.0
258,2020-06-22,331511512,115864.0,288,10003.0,6650.0,827,28962.0,140603.0,10506682.0,163644,909.0,2301.0,2295216.0,26817,29513091,499255,10449445.0,1223.0,3.0,0.0,870.0,0.0,0.0,0.0,0.0,0.0,0.0,0.0,53605.0,804.0,736825.0,18129.0
259,2020-06-21,331511512,115576.0,291,9944.0,6415.0,519,28325.0,139776.0,10343038.0,175530,904.0,2321.0,2268399.0,29182,29013836,504684,10449445.0,1220.0,8.0,0.0,845.0,0.0,0.0,0.0,0.0,0.0,0.0,0.0,52801.0,1412.0,718696.0,15400.0
260,2020-06-20,331511512,115285.0,611,9908.0,6372.0,685,28078.0,139257.0,10167508.0,197225,888.0,2380.0,2239217.0,32232,28509152,610669,10449445.0,1212.0,15.0,0.0,883.0,0.0,0.0,0.0,0.0,0.0,0.0,0.0,51389.0,1549.0,703296.0,24377.0
261,2020-06-19,331511512,114674.0,657,9877.0,6450.0,1592,28698.0,138572.0,9970283.0,234816,884.0,2433.0,2206985.0,30887,27898483,664037,10449445.0,1197.0,22.0,0.0,871.0,0.0,0.0,0.0,0.0,0.0,0.0,0.0,49840.0,1652.0,678919.0,21412.0
262,2020-06-18,331511512,114017.0,679,9738.0,6560.0,1100,28538.0,136980.0,9735467.0,191568,869.0,2518.0,2176098.0,26984,27234446,562275,10449445.0,1175.0,7.0,0.0,857.0,0.0,0.0,0.0,0.0,0.0,0.0,0.0,48188.0,1333.0,657507.0,17071.0
263,2020-06-17,331511512,113338.0,778,9666.0,6618.0,1085,28641.0,135880.0,9543899.0,195262,857.0,2584.0,2149114.0,24206,26672171,563106,10449445.0,1168.0,14.0,0.0,846.0,0.0,0.0,0.0,0.0,0.0,0.0,0.0,46855.0,1002.0,640436.0,13726.0
264,2020-06-16,331511512,112560.0,726,9591.0,6534.0,1186,28363.0,134795.0,9348637.0,175084,845.0,2591.0,2124908.0,22857,26109065,500028,10449445.0,1154.0,36.0,0.0,829.0,0.0,0.0,0.0,0.0,0.0,0.0,0.0,45853.0,751.0,626710.0,12694.0
265,2020-06-15,331511512,111834.0,383,9516.0,6595.0,664,28034.0,133609.0,9173553.0,165511,835.0,2636.0,2102051.0,18236,25609037,447146,10449445.0,1118.0,9.0,0.0,797.0,0.0,0.0,0.0,0.0,0.0,0.0,0.0,45102.0,983.0,614016.0,13541.0
266,2020-06-14,331511512,111451.0,354,9466.0,6610.0,600,28012.0,132945.0,9008042.0,167764,834.0,2716.0,2083815.0,21629,25161891,474952,10449445.0,1109.0,5.0,0.0,798.0,0.0,0.0,0.0,0.0,0.0,0.0,0.0,44119.0,1443.0,600475.0,16049.0
267,2020-06-13,331511512,111097.0,690,9433.0,6700.0,965,28572.0,132345.0,8840278.0,198815,830.0,2726.0,2062186.0,25459,24686939,545415,10449445.0,1104.0,12.0,0.0,823.0,0.0,0.0,0.0,0.0,0.0,0.0,0.0,42676.0,1427.0,584426.0,22126.0
268,2020-06-12,331511512,110407.0,766,9373.0,6837.0,1371,29309.0,131380.0,8641463.0,228322,814.0,2738.0,2036727.0,23152,24141524,622991,10449445.0,1092.0,28.0,0.0,760.0,0.0,0.0,0.0,0.0,0.0,0.0,0.0,41249.0,1768.0,562300.0,19471.0
269,2020-06-11,331511512,109641.0,896,9297.0,6885.0,1526,29842.0,130009.0,8413141.0,150394,792.0,2885.0,2013575.0,21976,23518533,484776,10449445.0,1064.0,11.0,0.0,812.0,0.0,0.0,0.0,0.0,0.0,0.0,0.0,39481.0,1310.0,542829.0,15356.0
270,2020-06-10,331511512,108745.0,892,9226.0,7065.0,1239,30962.0,128483.0,8262747.0,168579,780.0,3022.0,1991599.0,20873,23033757,484086,10449445.0,1053.0,24.0,0.0,780.0,0.0,0.0,0.0,0.0,0.0,0.0,0.0,38171.0,1011.0,527473.0,15719.0
271,2020-06-09,331511512,107853.0,894,9142.0,7310.0,1280,31181.0,127244.0,8094168.0,155286,771.0,3088.0,1970726.0,16933,22549671,454671,10449445.0,1029.0,23.0,0.0,774.0,0.0,0.0,0.0,0.0,0.0,0.0,0.0,37160.0,676.0,511754.0,9326.0
272,2020-06-08,331511512,106959.0,672,9013.0,7182.0,1072,31097.0,125964.0,7938882.0,132314,762.0,3238.0,1953793.0,16935,22095000,405398,10449445.0,1006.0,10.0,0.0,739.0,0.0,0.0,0.0,0.0,0.0,0.0,0.0,36484.0,938.0,502428.0,12929.0
273,2020-06-07,331511512,106287.0,450,8957.0,7244.0,657,31492.0,124892.0,7806568.0,189867,753.0,3298.0,1936858.0,19080,21689602,437205,10449445.0,996.0,4.0,0.0,696.0,0.0,0.0,0.0,0.0,0.0,0.0,0.0,35546.0,921.0,489499.0,15790.0
274,2020-06-06,331511512,105837.0,709,8920.0,7525.0,985,31994.0,124235.0,7616701.0,221863,750.0,3476.0,1917778.0,22669,21252397,557957,10449445.0,992.0,26.0,0.0,708.0,0.0,0.0,0.0,0.0,0.0,0.0,0.0,34625.0,1370.0,473709.0,12921.0
275,2020-06-05,331511512,105128.0,832,8863.0,7658.0,1518,32505.0,123250.0,7394838.0,232202,740.0,3520.0,1895109.0,23046,20694440,621384,10449445.0,966.0,6.0,0.0,717.0,0.0,0.0,0.0,0.0,0.0,0.0,0.0,33255.0,1289.0,460788.0,18746.0
276,2020-06-04,331511512,104296.0,882,8788.0,7786.0,-2858,32800.0,121732.0,7162636.0,183969,723.0,3662.0,1872063.0,20512,20073056,497795,10449445.0,960.0,21.0,0.0,659.0,0.0,0.0,0.0,0.0,0.0,0.0,0.0,31966.0,1189.0,442042.0,12966.0
277,2020-06-03,331511512,103414.0,973,8690.0,7959.0,2011,33218.0,124590.0,6978667.0,184622,717.0,3754.0,1851551.0,20164,19575261,505613,10449445.0,939.0,18.0,0.0,684.0,0.0,0.0,0.0,0.0,0.0,0.0,0.0,30777.0,888.0,429076.0,12313.0
278,2020-06-02,331511512,102441.0,982,8566.0,8158.0,1578,33955.0,122579.0,6794045.0,161067,710.0,3854.0,1831387.0,19909,19069648,450312,10449445.0,921.0,23.0,0.0,716.0,0.0,0.0,0.0,0.0,0.0,0.0,0.0,29889.0,626.0,416763.0,4552.0
279,2020-06-01,331511512,101459.0,676,8486.0,8354.0,2752,34327.0,121001.0,6632978.0,157898,704.0,3950.0,1811478.0,20029,18619336,419554,10449445.0,898.0,12.0,0.0,650.0,0.0,0.0,0.0,0.0,0.0,0.0,0.0,29263.0,674.0,412211.0,13931.0
280,2020-05-31,331511512,100783.0,654,8446.0,8373.0,698,34914.0,118249.0,6475080.0,147988,704.0,3669.0,1791449.0,21694,18199782,429140,10449445.0,886.0,9.0,0.0,649.0,0.0,0.0,0.0,0.0,0.0,0.0,0.0,28589.0,916.0,398280.0,11978.0
281,2020-05-30,331511512,100129.0,921,8325.0,8691.0,1222,35761.0,117551.0,6327092.0,174259,698.0,4008.0,1769755.0,23543,17770642,484206,10449445.0,877.0,18.0,0.0,638.0,0.0,0.0,0.0,0.0,0.0,0.0,0.0,27673.0,1185.0,386302.0,16706.0
282,2020-05-29,331511512,99208.0,1171,8235.0,8923.0,1409,36937.0,116329.0,6152833.0,189783,689.0,4028.0,1746212.0,23624,17286436,507264,10449445.0,859.0,32.0,0.0,680.0,0.0,0.0,0.0,0.0,0.0,0.0,0.0,26488.0,1076.0,369596.0,10116.0
283,2020-05-28,331511512,98037.0,1235,8109.0,9139.0,1425,38005.0,114920.0,5963050.0,188114,676.0,4079.0,1722588.0,22844,16779172,494858,10449445.0,827.0,33.0,0.0,708.0,0.0,0.0,0.0,0.0,0.0,0.0,0.0,25412.0,784.0,359480.0,11573.0
284,2020-05-27,331511512,96802.0,1340,8015.0,9246.0,1385,38314.0,113495.0,5774936.0,151212,666.0,4223.0,1699744.0,19193,16284314,415923,10449445.0,794.0,28.0,0.0,702.0,0.0,0.0,0.0,0.0,0.0,0.0,0.0,24628.0,488.0,347907.0,3571.0
285,2020-05-26,331511512,95462.0,668,7899.0,9251.0,17155,37751.0,112110.0,5623724.0,111904,650.0,4221.0,1680551.0,16676,15868391,315659,10449445.0,766.0,12.0,0.0,621.0,0.0,0.0,0.0,0.0,0.0,0.0,0.0,24140.0,176.0,344336.0,7748.0
286,2020-05-25,331511512,94794.0,556,7847.0,9114.0,669,37702.0,94955.0,5511820.0,167737,642.0,4232.0,1663875.0,18543,15552732,408751,10449445.0,754.0,10.0,0.0,627.0,0.0,0.0,0.0,0.0,0.0,0.0,0.0,23964.0,742.0,336588.0,7154.0
287,2020-05-24,331511512,94238.0,689,7801.0,9148.0,787,37741.0,94286.0,5344083.0,129848,639.0,4380.0,1645332.0,19122,15143981,390719,10449445.0,744.0,7.0,0.0,587.0,0.0,0.0,0.0,0.0,0.0,0.0,0.0,23222.0,497.0,329434.0,9046.0
288,2020-05-23,331511512,93549.0,1035,7770.0,9382.0,1130,38625.0,93499.0,5214235.0,115601,638.0,4621.0,1626210.0,22482,14753262,444574,10449445.0,737.0,9.0,0.0,589.0,0.0,0.0,0.0,0.0,0.0,0.0,0.0,22725.0,1107.0,320388.0,11829.0
289,2020-05-22,331511512,92514.0,1286,7689.0,9708.0,3751,39999.0,92369.0,5098634.0,173269,633.0,4714.0,1603728.0,24127,14308688,451428,10449445.0,728.0,12.0,0.0,568.0,0.0,0.0,0.0,0.0,0.0,0.0,0.0,21618.0,758.0,308559.0,10185.0
290,2020-05-21,331511512,91228.0,1381,7423.0,9757.0,4374,41353.0,88618.0,4925365.0,219192,616.0,4871.0,1579601.0,26751,13857260,499343,10449445.0,716.0,14.0,0.0,578.0,0.0,0.0,0.0,0.0,0.0,0.0,0.0,20860.0,738.0,298374.0,12313.0
291,2020-05-20,331511512,89847.0,1395,7319.0,10212.0,1453,41854.0,84244.0,4706173.0,167729,613.0,4907.0,1552850.0,21371,13357917,449396,10449445.0,702.0,11.0,0.0,554.0,0.0,0.0,0.0,0.0,0.0,0.0,0.0,20122.0,422.0,286061.0,8647.0
292,2020-05-19,331511512,88452.0,1327,7217.0,10292.0,1286,42019.0,82791.0,4538444.0,162780,606.0,5032.0,1531479.0,20700,12908521,422660,10449445.0,691.0,30.0,0.0,585.0,0.0,0.0,0.0,0.0,0.0,0.0,0.0,19700.0,677.0,277414.0,8397.0
293,2020-05-18,331511512,87125.0,853,7064.0,10423.0,803,41935.0,81505.0,4375664.0,131764,602.0,5260.0,1510779.0,20613,12485861,348667,10449445.0,661.0,2.0,0.0,511.0,0.0,0.0,0.0,0.0,0.0,0.0,0.0,19023.0,511.0,269017.0,9508.0
294,2020-05-17,331511512,86272.0,862,7003.0,10563.0,766,42018.0,80702.0,4243900.0,138117,593.0,5467.0,1490166.0,20384,12137194,351921,10449445.0,659.0,7.0,0.0,493.0,0.0,0.0,0.0,0.0,0.0,0.0,0.0,18512.0,530.0,259509.0,10708.0
295,2020-05-16,331511512,85410.0,1249,6945.0,10880.0,1383,43520.0,79936.0,4105783.0,132367,592.0,5532.0,1469782.0,23835,11785273,394424,10449445.0,652.0,11.0,0.0,481.0,0.0,0.0,0.0,0.0,0.0,0.0,0.0,17982.0,853.0,248801.0,13923.0
296,2020-05-15,331511512,84161.0,1537,6890.0,11163.0,982,44553.0,78553.0,3973416.0,120258,589.0,5744.0,1445947.0,25407,11390849,406415,10449445.0,641.0,26.0,0.0,492.0,0.0,0.0,0.0,0.0,0.0,0.0,0.0,17129.0,622.0,234878.0,9317.0
297,2020-05-14,331511512,82624.0,1846,6795.0,11338.0,2711,45912.0,77571.0,3853158.0,138644,582.0,5940.0,1420540.0,26796,10984434,388786,10449445.0,615.0,18.0,0.0,507.0,0.0,0.0,0.0,0.0,0.0,0.0,0.0,16507.0,691.0,225561.0,7919.0
298,2020-05-13,331511512,80778.0,1729,6713.0,11664.0,1273,46926.0,74860.0,3714514.0,117018,572.0,6164.0,1393744.0,21481,10595648,346215,10449445.0,597.0,20.0,0.0,521.0,0.0,0.0,0.0,0.0,0.0,0.0,0.0,15816.0,470.0,217642.0,6686.0
299,2020-05-12,331511512,79049.0,1518,6585.0,11915.0,1192,47347.0,73587.0,3597496.0,110171,559.0,6350.0,1372263.0,22521,10249433,340824,10449445.0,577.0,27.0,0.0,475.0,0.0,0.0,0.0,0.0,0.0,0.0,0.0,15346.0,301.0,210956.0,2741.0
300,2020-05-11,331511512,77531.0,889,6488.0,11852.0,939,46554.0,72395.0,3487325.0,209165,551.0,6349.0,1349742.0,18080,9908609,374214,10449445.0,550.0,3.0,0.0,464.0,0.0,0.0,0.0,0.0,0.0,0.0,0.0,15045.0,281.0,208215.0,5318.0
301,2020-05-10,331511512,76642.0,1027,6445.0,11992.0,565,46741.0,71456.0,3278160.0,91529,547.0,6392.0,1331662.0,21112,9534395,274264,10449445.0,547.0,3.0,0.0,442.0,0.0,0.0,0.0,0.0,0.0,0.0,0.0,14764.0,404.0,202897.0,7457.0
302,2020-05-09,331511512,75615.0,1459,6367.0,12165.0,1128,48576.0,70891.0,3186631.0,110811,543.0,6550.0,1310550.0,25280,9260131,323895,10449445.0,544.0,17.0,0.0,513.0,0.0,0.0,0.0,0.0,0.0,0.0,0.0,14360.0,492.0,195440.0,7917.0
303,2020-05-08,331511512,74156.0,1788,6294.0,12460.0,5697,49769.0,69763.0,3075820.0,104722,531.0,6793.0,1285270.0,27198,8936236,312980,10449445.0,527.0,20.0,0.0,515.0,0.0,0.0,0.0,0.0,0.0,0.0,0.0,13868.0,471.0,187523.0,6871.0
304,2020-05-07,331511512,72368.0,2732,5189.0,12832.0,3553,51445.0,64066.0,2971098.0,94737,529.0,7067.0,1258072.0,27228,8623256,329708,10449445.0,507.0,30.0,0.0,525.0,0.0,0.0,0.0,0.0,0.0,0.0,0.0,13397.0,639.0,180652.0,9330.0
305,2020-05-06,331511512,69636.0,1931,4911.0,13196.0,1505,52607.0,60513.0,2876361.0,98543,449.0,4758.0,1230844.0,25312,8293548,293617,10449445.0,477.0,25.0,0.0,516.0,0.0,0.0,0.0,0.0,0.0,0.0,0.0,12758.0,502.0,171322.0,5972.0
306,2020-05-05,331511512,67705.0,2496,4794.0,13346.0,1399,53168.0,59008.0,2777818.0,105694,439.0,4810.0,1205532.0,22392,7999931,279781,10449445.0,452.0,22.0,0.0,534.0,0.0,0.0,0.0,0.0,0.0,0.0,0.0,12256.0,408.0,165350.0,2701.0
307,2020-05-04,331511512,65209.0,983,4579.0,13390.0,1152,52375.0,57609.0,2672124.0,86891,430.0,4852.0,1183140.0,22106,7720150,236185,10449445.0,430.0,8.0,0.0,498.0,0.0,0.0,0.0,0.0,0.0,0.0,0.0,11848.0,184.0,162649.0,5202.0
308,2020-05-03,331511512,64226.0,1247,4502.0,13343.0,1027,52623.0,56457.0,2585233.0,94072,425.0,4762.0,1161034.0,25759,7483965,239746,10449445.0,422.0,2.0,0.0,475.0,0.0,0.0,0.0,0.0,0.0,0.0,0.0,11664.0,155.0,157447.0,5961.0
309,2020-05-02,331511512,62979.0,1521,4386.0,13528.0,1276,54008.0,55430.0,2491161.0,80894,375.0,4846.0,1135275.0,29151,7244219,272341,10449445.0,420.0,21.0,0.0,502.0,0.0,0.0,0.0,0.0,0.0,0.0,0.0,11509.0,586.0,151486.0,5490.0
310,2020-05-01,331511512,61458.0,1812,4300.0,13572.0,9055,54888.0,54154.0,2410267.0,106658,376.0,4712.0,1106124.0,32880,6971878,285664,10449445.0,399.0,21.0,0.0,547.0,0.0,0.0,0.0,0.0,0.0,0.0,0.0,10923.0,414.0,145996.0,6598.0
311,2020-04-30,331511512,59646.0,2153,4192.0,13982.0,1425,54910.0,45099.0,2303609.0,79570,373.0,4708.0,1073244.0,30063,6686214,275235,10449445.0,378.0,24.0,0.0,546.0,0.0,0.0,0.0,0.0,0.0,0.0,0.0,10509.0,561.0,139398.0,5318.0
312,2020-04-29,331511512,57493.0,2689,4093.0,14254.0,1865,56010.0,43674.0,2224039.0,89076,365.0,4803.0,1043181.0,26179,6410979,257142,10449445.0,354.0,12.0,0.0,551.0,0.0,0.0,0.0,0.0,0.0,0.0,0.0,9948.0,380.0,134080.0,3751.0
313,2020-04-28,331511512,54804.0,2078,3798.0,14280.0,1253,56041.0,41809.0,2134963.0,69502,252.0,4760.0,1017002.0,25232,6153837,216600,10449445.0,342.0,36.0,0.0,463.0,0.0,0.0,0.0,0.0,0.0,0.0,0.0,9568.0,426.0,130329.0,2134.0
314,2020-04-27,331511512,52726.0,1274,3720.0,14496.0,1183,56181.0,40556.0,2065461.0,62416,252.0,4867.0,991770.0,22404,5937237,194555,10449445.0,306.0,7.0,0.0,473.0,0.0,0.0,0.0,0.0,0.0,0.0,0.0,9142.0,312.0,128195.0,2985.0
315,2020-04-26,331511512,51452.0,1212,2571.0,14753.0,1109,56167.0,39373.0,2003045.0,75262,227.0,5119.0,969366.0,27324,5742682,205595,10449445.0,299.0,10.0,0.0,451.0,0.0,0.0,0.0,0.0,0.0,0.0,0.0,8830.0,207.0,125210.0,5298.0
316,2020-04-25,331511512,50240.0,1634,2516.0,15056.0,1234,57346.0,38264.0,1927783.0,120083,227.0,5266.0,942042.0,40697,5537087,275824,10449445.0,289.0,20.0,0.0,456.0,0.0,0.0,0.0,0.0,0.0,0.0,0.0,8623.0,571.0,119912.0,4788.0
317,2020-04-24,331511512,48606.0,1973,2468.0,15274.0,1198,57367.0,37030.0,1807700.0,75512,227.0,5194.0,901345.0,31217,5261263,246096,10449445.0,269.0,16.0,0.0,477.0,0.0,0.0,0.0,0.0,0.0,0.0,0.0,8052.0,444.0,115124.0,6406.0
318,2020-04-23,331511512,46633.0,1806,2428.0,15407.0,1409,59215.0,35832.0,1732188.0,64683,227.0,5463.0,870128.0,31938,5015167,217920,10449445.0,253.0,11.0,0.0,486.0,0.0,0.0,0.0,0.0,0.0,0.0,0.0,7608.0,388.0,108718.0,7796.0
319,2020-04-22,331511512,44827.0,2150,2370.0,15705.0,1591,59204.0,34423.0,1667505.0,-213981,227.0,5474.0,838190.0,29273,4797247,335191,10449445.0,242.0,29.0,0.0,434.0,0.0,0.0,0.0,0.0,0.0,0.0,0.0,7220.0,269.0,100922.0,4520.0
320,2020-04-21,331511512,42677.0,2478,2315.0,15636.0,1431,59795.0,32832.0,1881486.0,69105,214.0,5514.0,808917.0,27354,4462056,166966,10449445.0,213.0,34.0,0.0,427.0,0.0,0.0,0.0,0.0,0.0,0.0,0.0,6951.0,187.0,96402.0,773.0
321,2020-04-20,331511512,40199.0,1814,2193.0,15099.0,887,56720.0,31401.0,1812381.0,63578,214.0,5569.0,781563.0,24376,4295090,143980,10449445.0,179.0,7.0,0.0,373.0,0.0,0.0,0.0,0.0,0.0,0.0,0.0,6764.0,271.0,95629.0,2592.0
322,2020-04-19,331511512,38385.0,1765,2145.0,15005.0,734,56491.0,30514.0,1748803.0,68216,214.0,5603.0,757187.0,26930,4151110,148978,10449445.0,172.0,8.0,0.0,465.0,0.0,0.0,0.0,0.0,0.0,0.0,0.0,6493.0,353.0,93037.0,3600.0
323,2020-04-18,331511512,36620.0,1896,2096.0,15388.0,1459,57798.0,29780.0,1680587.0,69461,205.0,5733.0,730257.0,27573,4002132,172481,10449445.0,164.0,12.0,0.0,388.0,0.0,0.0,0.0,0.0,0.0,0.0,0.0,6140.0,281.0,89437.0,2472.0
324,2020-04-17,331511512,34724.0,2116,2052.0,15493.0,1289,58904.0,28321.0,1611126.0,67602,187.0,6098.0,702684.0,31500,3829651,172149,10449445.0,152.0,21.0,0.0,429.0,0.0,0.0,0.0,0.0,0.0,0.0,0.0,5859.0,394.0,86965.0,3576.0
325,2020-04-16,331511512,32608.0,2196,1834.0,15830.0,1261,59500.0,27032.0,1543524.0,79312,176.0,5940.0,671184.0,31266,3657502,183046,10449445.0,131.0,14.0,0.0,452.0,0.0,0.0,0.0,0.0,0.0,0.0,0.0,5465.0,342.0,83389.0,3215.0
326,2020-04-15,331511512,30412.0,2541,1710.0,15302.0,1176,59930.0,25771.0,1464212.0,57485,173.0,6033.0,639918.0,29834,3474456,149278,10449445.0,117.0,9.0,0.0,431.0,0.0,0.0,0.0,0.0,0.0,0.0,0.0,5123.0,99.0,80174.0,1968.0
327,2020-04-14,331511512,27871.0,2356,1642.0,14735.0,1466,59601.0,24595.0,1406727.0,73268,171.0,5981.0,610084.0,25943,3325178,160030,10449445.0,108.0,22.0,0.0,418.0,0.0,0.0,0.0,0.0,0.0,0.0,0.0,5024.0,208.0,78206.0,1298.0
328,2020-04-13,331511512,25515.0,1630,1549.0,14199.0,2304,56283.0,23129.0,1333459.0,57296,158.0,6170.0,584141.0,24136,3165148,125464,10449445.0,86.0,5.0,0.0,313.0,0.0,0.0,0.0,0.0,0.0,0.0,0.0,4816.0,296.0,76908.0,7999.0
329,2020-04-12,331511512,23885.0,1698,1449.0,14188.0,694,55294.0,20825.0,1276163.0,67358,158.0,5962.0,560005.0,28168,3039684,140619,10449445.0,81.0,1.0,0.0,331.0,0.0,0.0,0.0,0.0,0.0,0.0,0.0,4520.0,208.0,68909.0,2875.0
330,2020-04-11,331511512,22187.0,2079,1399.0,13856.0,1208,55563.0,20131.0,1208805.0,64373,152.0,5986.0,531837.0,31323,2899065,158549,10449445.0,80.0,6.0,0.0,362.0,0.0,0.0,0.0,0.0,0.0,0.0,0.0,4312.0,404.0,66034.0,10211.0
331,2020-04-10,331511512,20108.0,2081,1179.0,12693.0,1999,53167.0,18923.0,1144432.0,56216,39.0,5937.0,500514.0,33778,2740516,155771,10449445.0,74.0,9.0,0.0,423.0,0.0,0.0,0.0,0.0,0.0,0.0,0.0,3908.0,257.0,55823.0,5262.0
332,2020-04-09,331511512,18027.0,2054,918.0,12445.0,965,51323.0,16924.0,1088216.0,82731,39.0,5798.0,466736.0,34992,2584745,171012,10449445.0,65.0,12.0,0.0,398.0,0.0,0.0,0.0,0.0,0.0,0.0,0.0,3651.0,225.0,50561.0,2431.0
333,2020-04-08,331511512,15973.0,1999,862.0,10276.0,1332,45359.0,15959.0,1005485.0,68034,39.0,4142.0,431744.0,30964,2413733,165594,10449445.0,53.0,7.0,0.0,386.0,0.0,0.0,0.0,0.0,0.0,0.0,0.0,3426.0,205.0,48130.0,913.0
334,2020-04-07,331511512,13974.0,2042,738.0,9978.0,370,43849.0,14627.0,937451.0,79011,43.0,4047.0,400780.0,30416,2248139,169756,10449445.0,46.0,13.0,0.0,354.0,0.0,0.0,0.0,0.0,0.0,0.0,0.0,3221.0,351.0,47217.0,852.0
335,2020-04-06,331511512,11932.0,1314,663.0,7079.0,883,36159.0,14257.0,858440.0,69846,39.0,2961.0,370364.0,28260,2078383,137734,10449445.0,33.0,2.0,0.0,270.0,0.0,0.0,0.0,0.0,0.0,0.0,0.0,2870.0,285.0,46365.0,1343.0
336,2020-04-05,331511512,10618.0,1340,609.0,5811.0,1131,32180.0,13374.0,788594.0,33621,39.0,650.0,342104.0,25843,1940649,129412,10449445.0,31.0,7.0,0.0,261.0,0.0,0.0,0.0,0.0,0.0,0.0,0.0,2585.0,183.0,45022.0,7629.0
337,2020-04-04,331511512,9278.0,1478,403.0,5500.0,1732,30456.0,12243.0,754973.0,143525,39.0,656.0,316261.0,33122,1811237,231115,10449445.0,24.0,5.0,0.0,271.0,0.0,0.0,0.0,0.0,0.0,0.0,0.0,2402.0,309.0,37393.0,3404.0
338,2020-04-03,331511512,7800.0,1288,335.0,4928.0,1189,25723.0,10511.0,611448.0,54760,39.0,623.0,283139.0,31835,1580122,142407,10449445.0,19.0,3.0,0.0,184.0,0.0,0.0,0.0,0.0,0.0,0.0,0.0,2093.0,236.0,33989.0,2883.0
339,2020-04-02,331511512,6512.0,1175,305.0,4513.0,1320,22995.0,9322.0,556688.0,51405,32.0,576.0,251304.0,28135,1437715,131146,10449445.0,16.0,6.0,0.0,184.0,0.0,0.0,0.0,0.0,0.0,0.0,0.0,1857.0,273.0,31106.0,3435.0
340,2020-04-01,331511512,5337.0,1006,256.0,3937.0,1302,20906.0,8002.0,505283.0,44681,32.0,561.0,223169.0,26204,1306569,123021,10449445.0,10.0,2.0,0.0,204.0,0.0,0.0,0.0,0.0,0.0,0.0,0.0,1584.0,86.0,27671.0,2787.0
341,2020-03-31,331511512,4331.0,909,230.0,3487.0,1492,18155.0,6700.0,460602.0,44334,0.0,506.0,196965.0,25000,1183548,114567,10449445.0,8.0,2.0,0.0,157.0,0.0,0.0,0.0,0.0,0.0,0.0,0.0,1498.0,191.0,24884.0,2082.0
342,2020-03-30,331511512,3422.0,584,187.0,3087.0,584,15892.0,5208.0,416268.0,50165,0.0,449.0,171965.0,21139,1068981,100592,10449445.0,6.0,2.0,0.0,137.0,0.0,0.0,0.0,0.0,0.0,0.0,0.0,1307.0,267.0,22802.0,1638.0
343,2020-03-29,331511512,2838.0,506,156.0,2456.0,559,14055.0,4624.0,366103.0,41832,0.0,433.0,150826.0,19683,968389,86974,10449445.0,4.0,0.0,0.0,91.0,0.0,0.0,0.0,0.0,0.0,0.0,0.0,1040.0,105.0,21164.0,2910.0
344,2020-03-28,331511512,2332.0,550,140.0,2174.0,682,12393.0,4065.0,324271.0,68463,0.0,390.0,131143.0,19785,881415,111430,10449445.0,4.0,1.0,0.0,87.0,0.0,0.0,0.0,0.0,0.0,0.0,0.0,935.0,172.0,18254.0,2667.0
345,2020-03-27,331511512,1782.0,411,124.0,1792.0,777,10887.0,3383.0,255808.0,45156,0.0,293.0,111358.0,19215,769985,101260,10449445.0,3.0,1.0,0.0,77.0,0.0,0.0,0.0,0.0,0.0,0.0,0.0,763.0,127.0,15587.0,2793.0
346,2020-03-26,331511512,1371.0,313,91.0,1299.0,655,7805.0,2606.0,210652.0,42359,0.0,258.0,92143.0,17592,668725,106945,10449445.0,2.0,1.0,0.0,29.0,0.0,0.0,0.0,0.0,0.0,0.0,0.0,636.0,132.0,12794.0,2446.0
347,2020-03-25,331511512,1058.0,241,74.0,0.0,873,5140.0,1951.0,168293.0,33006,0.0,167.0,74551.0,12657,561780,82429,10449445.0,1.0,1.0,0.0,29.0,0.0,0.0,0.0,0.0,0.0,0.0,0.0,504.0,106.0,10348.0,529.0
348,2020-03-24,331511512,817.0,235,0.0,0.0,261,3938.0,1078.0,135287.0,33947,0.0,0.0,61894.0,10896,479351,86845,10449445.0,0.0,0.0,0.0,0.0,0.0,0.0,0.0,0.0,0.0,0.0,0.0,398.0,101.0,9819.0,2163.0
349,2020-03-23,331511512,582.0,102,0.0,0.0,190,2812.0,817.0,101340.0,21109,0.0,0.0,50998.0,11190,392506,57023,10449445.0,0.0,0.0,0.0,0.0,0.0,0.0,0.0,0.0,0.0,0.0,0.0,297.0,42.0,7656.0,1389.0
350,2020-03-22,331511512,480.0,145,0.0,0.0,139,2173.0,627.0,80231.0,12428,0.0,0.0,39808.0,9228,335483,52323,10449445.0,0.0,0.0,0.0,0.0,0.0,0.0,0.0,0.0,0.0,0.0,0.0,255.0,71.0,6267.0,2192.0
351,2020-03-21,331511512,335.0,62,0.0,0.0,316,1492.0,488.0,67803.0,16060,0.0,0.0,30580.0,6940,283160,52248,10449445.0,0.0,0.0,0.0,0.0,0.0,0.0,0.0,0.0,0.0,0.0,0.0,184.0,47.0,4075.0,943.0
352,2020-03-20,331511512,273.0,70,0.0,0.0,44,1042.0,172.0,51743.0,11805,0.0,0.0,23640.0,6100,230912,49555,10449445.0,0.0,0.0,0.0,0.0,0.0,0.0,0.0,0.0,0.0,0.0,0.0,137.0,40.0,3132.0,1696.0
353,2020-03-19,331511512,203.0,51,0.0,0.0,34,617.0,128.0,39938.0,8361,0.0,0.0,17540.0,4606,181357,39258,10449445.0,0.0,0.0,0.0,0.0,0.0,0.0,0.0,0.0,0.0,0.0,0.0,97.0,34.0,1436.0,205.0
354,2020-03-18,331511512,152.0,26,0.0,0.0,18,416.0,94.0,31577.0,5394,0.0,0.0,12934.0,3357,142099,32196,10449445.0,0.0,0.0,0.0,0.0,0.0,0.0,0.0,0.0,0.0,0.0,0.0,63.0,23.0,1231.0,295.0
355,2020-03-17,331511512,126.0,24,0.0,0.0,33,325.0,76.0,26183.0,5856,0.0,0.0,9577.0,2128,109903,26755,10449445.0,0.0,0.0,0.0,0.0,0.0,0.0,0.0,0.0,0.0,0.0,0.0,40.0,7.0,936.0,936.0
356,2020-03-16,331511512,102.0,22,0.0,0.0,6,0.0,43.0,20327.0,10931,0.0,0.0,7449.0,1711,83148,23114,10449445.0,0.0,0.0,0.0,0.0,0.0,0.0,0.0,0.0,0.0,0.0,0.0,33.0,1.0,0.0,0.0
357,2020-03-15,331511512,80.0,15,0.0,0.0,10,0.0,37.0,9396.0,1987,0.0,0.0,5738.0,1262,60034,10202,10449445.0,0.0,0.0,0.0,0.0,0.0,0.0,0.0,0.0,0.0,0.0,0.0,32.0,9.0,0.0,0.0
358,2020-03-14,331511512,65.0,8,0.0,0.0,4,0.0,27.0,7409.0,1876,0.0,0.0,4476.0,1026,49832,9816,10449445.0,0.0,0.0,0.0,0.0,0.0,0.0,0.0,0.0,0.0,0.0,0.0,23.0,8.0,0.0,0.0
359,2020-03-13,331511512,57.0,5,0.0,0.0,6,0.0,23.0,5533.0,1241,0.0,0.0,3450.0,858,40016,9733,10449445.0,0.0,0.0,0.0,0.0,0.0,0.0,0.0,0.0,0.0,0.0,0.0,15.0,3.0,0.0,0.0
360,2020-03-12,331511512,52.0,9,0.0,0.0,5,0.0,17.0,4292.0,991,0.0,0.0,2592.0,677,30283,6683,10449445.0,0.0,0.0,0.0,0.0,0.0,0.0,0.0,0.0,0.0,0.0,0.0,12.0,5.0,0.0,0.0
361,2020-03-11,331511512,43.0,6,0.0,0.0,3,0.0,12.0,3301.0,1021,0.0,0.0,1915.0,418,23600,4447,10449445.0,0.0,0.0,0.0,0.0,0.0,0.0,0.0,0.0,0.0,0.0,0.0,7.0,0.0,0.0,0.0
362,2020-03-10,331511512,37.0,2,0.0,0.0,0,0.0,9.0,2280.0,494,0.0,0.0,1497.0,436,19153,3322,10449445.0,0.0,0.0,0.0,0.0,0.0,0.0,0.0,0.0,0.0,0.0,0.0,7.0,5.0,0.0,0.0
363,2020-03-09,331511512,35.0,4,0.0,0.0,3,0.0,9.0,1786.0,442,0.0,0.0,1061.0,304,15831,2055,10449445.0,0.0,0.0,0.0,0.0,0.0,0.0,0.0,0.0,0.0,0.0,0.0,2.0,0.0,0.0,0.0
364,2020-03-08,331511512,31.0,4,0.0,0.0,0,0.0,6.0,1344.0,196,0.0,0.0,757.0,170,13776,1130,10449445.0,0.0,0.0,0.0,0.0,0.0,0.0,0.0,0.0,0.0,0.0,0.0,2.0,0.0,0.0,0.0
365,2020-03-07,331511512,27.0,1,0.0,0.0,0,0.0,6.0,1148.0,274,0.0,0.0,587.0,142,12646,931,10449445.0,0.0,0.0,0.0,0.0,0.0,0.0,0.0,0.0,0.0,0.0,0.0,2.0,0.0,0.0,0.0
366,2020-03-06,331511512,26.0,6,0.0,0.0,1,0.0,6.0,874.0,161,0.0,0.0,445.0,138,11715,2177,10449445.0,0.0,0.0,0.0,0.0,0.0,0.0,0.0,0.0,0.0,0.0,0.0,2.0,1.0,0.0,0.0
367,2020-03-05,331511512,20.0,4,0.0,0.0,1,0.0,5.0,713.0,132,0.0,0.0,307.0,65,9538,1515,10449445.0,0.0,0.0,0.0,0.0,0.0,0.0,0.0,0.0,0.0,0.0,0.0,1.0,0.0,0.0,0.0
368,2020-03-04,331511512,16.0,2,0.0,0.0,4,0.0,4.0,581.0,576,0.0,0.0,242.0,128,8023,890,10449445.0,0.0,0.0,0.0,0.0,0.0,0.0,0.0,0.0,0.0,0.0,0.0,1.0,0.0,0.0,0.0
369,2020-03-03,331511512,14.0,3,0.0,0.0,0,0.0,0.0,5.0,2,0.0,0.0,114.0,42,7133,279,,,,,,,,,,,,,,,,
370,2020-03-02,331511512,11.0,3,0.0,0.0,0,0.0,0.0,3.0,1,0.0,0.0,72.0,30,6854,203,,,,,,,,,,,,,,,,
371,2020-03-01,331511512,8.0,3,0.0,0.0,0,0.0,0.0,2.0,2,0.0,0.0,42.0,24,6651,96,,,,,,,,,,,,,,,,
372,2020-02-29,331511512,5.0,1,0.0,0.0,0,0.0,0.0,0.0,0,0.0,0.0,18.0,3,6555,65,,,,,,,,,,,,,,,,
373,2020-02-28,331511512,4.0,2,0.0,0.0,0,0.0,0.0,0.0,0,0.0,0.0,15.0,2,6490,3,,,,,,,,,,,,,,,,
374,2020-02-27,331511512,2.0,0,0.0,0.0,0,0.0,0.0,0.0,0,0.0,0.0,13.0,1,6487,6446,,,,,,,,,,,,,,,,
375,2020-02-26,331511512,2.0,2,0.0,0.0,0,0.0,0.0,0.0,0,0.0,0.0,12.0,2,41,0,,,,,,,,,,,,,,,,
376,2020-02-25,331511512,0.0,0,0.0,0.0,0,0.0,0.0,0.0,0,0.0,0.0,10.0,1,41,1,,,,,,,,,,,,,,,,
377,2020-02-24,331511512,0.0,0,0.0,0.0,0,0.0,0.0,0.0,0,0.0,0.0,9.0,1,40,2,,,,,,,,,,,,,,,,
378,2020-02-23,331511512,0.0,0,0.0,0.0,0,0.0,0.0,0.0,0,0.0,0.0,8.0,1,38,0,,,,,,,,,,,,,,,,
379,2020-02-22,331511512,0.0,0,0.0,0.0,0,0.0,0.0,0.0,0,0.0,0.0,7.0,0,38,1,,,,,,,,,,,,,,,,
380,2020-02-21,331511512,0.0,0,0.0,0.0,0,0.0,0.0,0.0,0,0.0,0.0,7.0,0,37,1,,,,,,,,,,,,,,,,
381,2020-02-20,331511512,0.0,0,0.0,0.0,0,0.0,0.0,0.0,0,0.0,0.0,7.0,0,36,1,,,,,,,,,,,,,,,,
382,2020-02-19,331511512,0.0,0,0.0,0.0,0,0.0,0.0,0.0,0,0.0,0.0,7.0,0,35,6,,,,,,,,,,,,,,,,
383,2020-02-18,331511512,0.0,0,0.0,0.0,0,0.0,0.0,0.0,0,0.0,0.0,7.0,0,29,0,,,,,,,,,,,,,,,,
384,2020-02-17,331511512,0.0,0,0.0,0.0,0,0.0,0.0,0.0,0,0.0,0.0,7.0,0,29,1,,,,,,,,,,,,,,,,
385,2020-02-16,331511512,0.0,0,0.0,0.0,0,0.0,0.0,0.0,0,0.0,0.0,7.0,0,28,2,,,,,,,,,,,,,,,,
386,2020-02-15,331511512,0.0,0,0.0,0.0,0,0.0,0.0,0.0,0,0.0,0.0,7.0,0,26,4,,,,,,,,,,,,,,,,
387,2020-02-14,331511512,0.0,0,0.0,0.0,0,0.0,0.0,0.0,0,0.0,0.0,7.0,1,22,0,,,,,,,,,,,,,,,,
388,2020-02-13,331511512,0.0,0,0.0,0.0,0,0.0,0.0,0.0,0,0.0,0.0,6.0,1,22,1,,,,,,,,,,,,,,,,
389,2020-02-12,331511512,0.0,0,0.0,0.0,0,0.0,0.0,0.0,0,0.0,0.0,5.0,0,21,1,,,,,,,,,,,,,,,,
390,2020-02-11,331511512,0.0,0,0.0,0.0,0,0.0,0.0,0.0,0,0.0,0.0,5.0,0,20,1,,,,,,,,,,,,,,,,
391,2020-02-10,331511512,0.0,0,0.0,0.0,0,0.0,0.0,0.0,0,0.0,0.0,5.0,0,19,1,,,,,,,,,,,,,,,,
392,2020-02-09,331511512,0.0,0,0.0,0.0,0,0.0,0.0,0.0,0,0.0,0.0,5.0,0,18,0,,,,,,,,,,,,,,,,
393,2020-02-08,331511512,0.0,0,0.0,0.0,0,0.0,0.0,0.0,0,0.0,0.0,5.0,0,18,2,,,,,,,,,,,,,,,,
394,2020-02-07,331511512,0.0,0,0.0,0.0,0,0.0,0.0,0.0,0,0.0,0.0,5.0,0,16,0,,,,,,,,,,,,,,,,
395,2020-02-06,331511512,0.0,0,0.0,0.0,0,0.0,0.0,0.0,0,0.0,0.0,5.0,2,16,1,,,,,,,,,,,,,,,,
396,2020-02-05,331511512,0.0,0,0.0,0.0,0,0.0,0.0,0.0,0,0.0,0.0,3.0,0,15,0,,,,,,,,,,,,,,,,
397,2020-02-04,331511512,0.0,0,0.0,0.0,0,0.0,0.0,0.0,0,0.0,0.0,3.0,0,15,4,,,,,,,,,,,,,,,,
398,2020-02-03,331511512,0.0,0,0.0,0.0,0,0.0,0.0,0.0,0,0.0,0.0,3.0,1,11,3,,,,,,,,,,,,,,,,
399,2020-02-02,331511512,0.0,0,0.0,0.0,0,0.0,0.0,0.0,0,0.0,0.0,2.0,0,8,0,,,,,,,,,,,,,,,,
400,2020-02-01,331511512,0.0,0,0.0,0.0,0,0.0,0.0,0.0,0,0.0,0.0,2.0,0,8,0,,,,,,,,,,,,,,,,
401,2020-01-31,331511512,0.0,0,0.0,0.0,0,0.0,0.0,0.0,0,0.0,0.0,2.0,0,8,3,,,,,,,,,,,,,,,,
402,2020-01-30,331511512,0.0,0,0.0,0.0,0,0.0,0.0,0.0,0,0.0,0.0,2.0,0,5,0,,,,,,,,,,,,,,,,
403,2020-01-29,331511512,0.0,0,0.0,0.0,0,0.0,0.0,0.0,0,0.0,0.0,2.0,0,5,2,,,,,,,,,,,,,,,,
404,2020-01-28,331511512,0.0,0,0.0,0.0,0,0.0,0.0,0.0,0,0.0,0.0,2.0,0,3,0,,,,,,,,,,,,,,,,
405,2020-01-27,331511512,0.0,0,0.0,0.0,0,0.0,0.0,0.0,0,0.0,0.0,2.0,0,3,1,,,,,,,,,,,,,,,,
406,2020-01-26,331511512,0.0,0,0.0,0.0,0,0.0,0.0,0.0,0,0.0,0.0,2.0,0,2,0,,,,,,,,,,,,,,,,
407,2020-01-25,331511512,0.0,0,0.0,0.0,0,0.0,0.0,0.0,0,0.0,0.0,2.0,0,2,0,,,,,,,,,,,,,,,,
408,2020-01-24,331511512,0.0,0,0.0,0.0,0,0.0,0.0,0.0,0,0.0,0.0,2.0,0,2,0,,,,,,,,,,,,,,,,
409,2020-01-23,331511512,0.0,0,0.0,0.0,0,0.0,0.0,0.0,0,0.0,0.0,2.0,0,2,1,,,,,,,,,,,,,,,,
410,2020-01-22,331511512,0.0,0,0.0,0.0,0,0.0,0.0,0.0,0,0.0,0.0,2.0,0,1,1,,,,,,,,,,,,,,,,
411,2020-01-21,331511512,0.0,0,0.0,0.0,0,0.0,0.0,0.0,0,0.0,0.0,2.0,1,0,0,,,,,,,,,,,,,,,,
412,2020-01-20,331511512,0.0,0,0.0,0.0,0,0.0,0.0,0.0,0,0.0,0.0,1.0,0,0,0,,,,,,,,,,,,,,,,
413,2020-01-19,331511512,0.0,0,0.0,0.0,0,0.0,0.0,0.0,0,0.0,0.0,1.0,1,0,0,,,,,,,,,,,,,,,,
414,2020-01-18,331511512,0.0,0,0.0,0.0,0,0.0,0.0,0.0,0,0.0,0.0,0.0,0,0,0,,,,,,,,,,,,,,,,
415,2020-01-17,331511512,0.0,0,0.0,0.0,0,0.0,0.0,0.0,0,0.0,0.0,0.0,0,0,0,,,,,,,,,,,,,,,,
416,2020-01-16,331511512,0.0,0,0.0,0.0,0,0.0,0.0,0.0,0,0.0,0.0,0.0,0,0,0,,,,,,,,,,,,,,,,
417,2020-01-15,331511512,0.0,0,0.0,0.0,0,0.0,0.0,0.0,0,0.0,0.0,0.0,0,0,0,,,,,,,,,,,,,,,,
418,2020-01-14,331511512,0.0,0,0.0,0.0,0,0.0,0.0,0.0,0,0.0,0.0,0.0,0,0,0,,,,,,,,,,,,,,,,
419,2020-01-13,331511512,0.0,0,0.0,0.0,0,0.0,0.0,0.0,0,0.0,0.0,0.0,0,0,0,,,,,,,,,,,,,,,,
